{
  "metadata": {
    "total_cameras": 40,
    "region": "Tamil Nadu",
    "country": "India",
    "extracted_at": "2026-01-28T10:30:46.830245",
    "source": "scdb.info",
    "scraping_method": "comprehensive_grid"
  },
  "cameras": [
    {
      "id": 184773,
      "latitude": 10.994353,
      "longitude": 76.967255,
      "city": "Tamil Nadu",
      "state": "Tamil Nadu",
      "street": "Big Bazzar Street",
      "postal_code": "641001",
      "country": "IND",
      "type": "A",
      "camera_type": "A",
      "speed_limit": "/",
      "direction": "90",
      "status": "A",
      "rotatable": true,
      "gps_status": "+"
    },
    {
      "id": 184771,
      "latitude": 11.002502,
      "longitude": 76.968178,
      "city": "Coimbatore",
      "state": "Tamil Nadu",
      "street": "unknown",
      "postal_code": "641001",
      "country": "IND",
      "type": "A",
      "camera_type": "A",
      "speed_limit": "/",
      "direction": "145",
      "status": "A",
      "rotatable": true,
      "gps_status": "+"
    },
    {
      "id": 184768,
      "latitude": 11.002626,
      "longitude": 76.968483,
      "city": "Coimbatore",
      "state": "Tamil Nadu",
      "street": "unknown",
      "postal_code": "641001",
      "country": "IND",
      "type": "A",
      "camera_type": "A",
      "speed_limit": "/",
      "direction": "330",
      "status": "A",
      "rotatable": true,
      "gps_status": "+"
    },
    {
      "id": 184769,
      "latitude": 11.00266,
      "longitude": 76.967995,
      "city": "Coimbatore",
      "state": "Tamil Nadu",
      "street": "unknown",
      "postal_code": "641001",
      "country": "IND",
      "type": "A",
      "camera_type": "A",
      "speed_limit": "/",
      "direction": "25",
      "status": "A",
      "rotatable": true,
      "gps_status": "+"
    },
    {
      "id": 184770,
      "latitude": 11.002836,
      "longitude": 76.9683,
      "city": "Coimbatore",
      "state": "Tamil Nadu",
      "street": "unknown",
      "postal_code": "641001",
      "country": "IND",
      "type": "A",
      "camera_type": "A",
      "speed_limit": "/",
      "direction": "205",
      "status": "A",
      "rotatable": true,
      "gps_status": "+"
    },
    {
      "id": 194394,
      "latitude": 11.007017,
      "longitude": 76.960571,
      "city": "Coimbatore",
      "state": "Tamil Nadu",
      "street": "AT Devaraja Mudaliar Road",
      "postal_code": "641001",
      "country": "IND",
      "type": "A",
      "camera_type": "A",
      "speed_limit": "/",
      "direction": "195",
      "status": "A",
      "rotatable": true,
      "gps_status": "+"
    },
    {
      "id": 184772,
      "latitude": 11.008758,
      "longitude": 76.967178,
      "city": "Coimbatore",
      "state": "Tamil Nadu",
      "street": "Dr Nanjappa Road",
      "postal_code": "641001",
      "country": "IND",
      "type": "G30",
      "camera_type": "G",
      "speed_limit": "30",
      "direction": "285",
      "status": "A",
      "rotatable": true,
      "gps_status": "+"
    },
    {
      "id": 184787,
      "latitude": 10.994896,
      "longitude": 76.971481,
      "city": "Coimbatore",
      "state": "Tamil Nadu",
      "street": "Arts College Road",
      "postal_code": "641001",
      "country": "IND",
      "type": "A",
      "camera_type": "A",
      "speed_limit": "/",
      "direction": "80",
      "status": "A",
      "rotatable": true,
      "gps_status": "+"
    },
    {
      "id": 184741,
      "latitude": 11.003817,
      "longitude": 76.972221,
      "city": "Coimbatore",
      "state": "Tamil Nadu",
      "street": "Avinashi Road",
      "postal_code": "641001",
      "country": "IND",
      "type": "A",
      "camera_type": "A",
      "speed_limit": "/",
      "direction": "60",
      "status": "A",
      "rotatable": true,
      "gps_status": "+"
    },
    {
      "id": 184740,
      "latitude": 11.004013,
      "longitude": 76.972824,
      "city": "Coimbatore",
      "state": "Tamil Nadu",
      "street": "Avinashi Road",
      "postal_code": "641001",
      "country": "IND",
      "type": "A",
      "camera_type": "A",
      "speed_limit": "/",
      "direction": "110",
      "status": "A",
      "rotatable": true,
      "gps_status": "+"
    },
    {
      "id": 194392,
      "latitude": 11.005255,
      "longitude": 76.974876,
      "city": "Coimbatore",
      "state": "Tamil Nadu",
      "street": "Avinashi Road",
      "postal_code": "641001",
      "country": "IND",
      "type": "A",
      "camera_type": "A",
      "speed_limit": "/",
      "direction": "315",
      "status": "A",
      "rotatable": true,
      "gps_status": "+"
    },
    {
      "id": 194393,
      "latitude": 11.005401,
      "longitude": 76.974838,
      "city": "Coimbatore",
      "state": "Tamil Nadu",
      "street": "Avinashi Road",
      "postal_code": "641001",
      "country": "IND",
      "type": "A",
      "camera_type": "A",
      "speed_limit": "/",
      "direction": "250",
      "status": "A",
      "rotatable": true,
      "gps_status": "+"
    },
    {
      "id": 184662,
      "latitude": 10.996986,
      "longitude": 76.996056,
      "city": "Coimbatore",
      "state": "Tamil Nadu",
      "street": "NH181",
      "postal_code": "641001",
      "country": "IND",
      "type": "A",
      "camera_type": "A",
      "speed_limit": "/",
      "direction": "285",
      "status": "A",
      "rotatable": true,
      "gps_status": "-"
    },
    {
      "id": 184983,
      "latitude": 11.011971,
      "longitude": 76.947487,
      "city": "Tamil Nadu",
      "state": "Tamil Nadu",
      "street": "East Venkataswamy Road",
      "postal_code": "641002",
      "country": "IND",
      "type": "G40",
      "camera_type": "G",
      "speed_limit": "40",
      "direction": "55",
      "status": "A",
      "rotatable": true,
      "gps_status": "-"
    },
    {
      "id": 184994,
      "latitude": 11.013721,
      "longitude": 76.942009,
      "city": "Coimbatore",
      "state": "Tamil Nadu",
      "street": "Cowley Brown Rd",
      "postal_code": "641002",
      "country": "IND",
      "type": "G40",
      "camera_type": "G",
      "speed_limit": "40",
      "direction": "70",
      "status": "A",
      "rotatable": true,
      "gps_status": "-"
    },
    {
      "id": 184794,
      "latitude": 11.010836,
      "longitude": 76.955032,
      "city": "Tamil Nadu",
      "state": "Tamil Nadu",
      "street": "Mettupalayam Road",
      "postal_code": "641002",
      "country": "IND",
      "type": "A",
      "camera_type": "A",
      "speed_limit": "/",
      "direction": "160",
      "status": "A",
      "rotatable": true,
      "gps_status": "+"
    },
    {
      "id": 184795,
      "latitude": 11.010911,
      "longitude": 76.954964,
      "city": "Tamil Nadu",
      "state": "Tamil Nadu",
      "street": "Mettupalayam Road",
      "postal_code": "641002",
      "country": "IND",
      "type": "A",
      "camera_type": "A",
      "speed_limit": "/",
      "direction": "95",
      "status": "A",
      "rotatable": true,
      "gps_status": "+"
    },
    {
      "id": 184790,
      "latitude": 11.010911,
      "longitude": 76.955231,
      "city": "Tamil Nadu",
      "state": "Tamil Nadu",
      "street": "Mettupalayam Road",
      "postal_code": "641002",
      "country": "IND",
      "type": "A",
      "camera_type": "A",
      "speed_limit": "/",
      "direction": "35",
      "status": "A",
      "rotatable": true,
      "gps_status": "+"
    },
    {
      "id": 184793,
      "latitude": 11.011036,
      "longitude": 76.955093,
      "city": "Tamil Nadu",
      "state": "Tamil Nadu",
      "street": "Mettupalayam Road",
      "postal_code": "641002",
      "country": "IND",
      "type": "A",
      "camera_type": "A",
      "speed_limit": "/",
      "direction": "190",
      "status": "A",
      "rotatable": true,
      "gps_status": "+"
    },
    {
      "id": 184976,
      "latitude": 11.01121,
      "longitude": 76.957039,
      "city": "Coimbatore",
      "state": "Tamil Nadu",
      "street": "Krishnasamy Road",
      "postal_code": "641002",
      "country": "IND",
      "type": "G50",
      "camera_type": "G",
      "speed_limit": "50",
      "direction": "45",
      "status": "A",
      "rotatable": true,
      "gps_status": "+"
    },
    {
      "id": 184763,
      "latitude": 11.016954,
      "longitude": 76.968796,
      "city": "Coimbatore",
      "state": "Tamil Nadu",
      "street": "North Coimbatore - Ramanathapuram - Chettipalayam Road",
      "postal_code": "641001",
      "country": "IND",
      "type": "A",
      "camera_type": "A",
      "speed_limit": "/",
      "direction": "265",
      "status": "A",
      "rotatable": true,
      "gps_status": "+"
    },
    {
      "id": 184765,
      "latitude": 11.016985,
      "longitude": 76.968498,
      "city": "Coimbatore",
      "state": "Tamil Nadu",
      "street": "North Coimbatore - Ramanathapuram - Chettipalayam Road",
      "postal_code": "641001",
      "country": "IND",
      "type": "A",
      "camera_type": "A",
      "speed_limit": "/",
      "direction": "280",
      "status": "A",
      "rotatable": true,
      "gps_status": "+"
    },
    {
      "id": 184767,
      "latitude": 11.017128,
      "longitude": 76.968842,
      "city": "Coimbatore",
      "state": "Tamil Nadu",
      "street": "North Coimbatore - Ramanathapuram - Chettipalayam Road",
      "postal_code": "641001",
      "country": "IND",
      "type": "A",
      "camera_type": "A",
      "speed_limit": "/",
      "direction": "175",
      "status": "A",
      "rotatable": true,
      "gps_status": "+"
    },
    {
      "id": 184801,
      "latitude": 11.01987,
      "longitude": 76.952934,
      "city": "Coimbatore",
      "state": "Tamil Nadu",
      "street": "Mettupalayam Road",
      "postal_code": "641001",
      "country": "IND",
      "type": "A",
      "camera_type": "A",
      "speed_limit": "/",
      "direction": "40",
      "status": "A",
      "rotatable": true,
      "gps_status": "+"
    },
    {
      "id": 184800,
      "latitude": 11.01992,
      "longitude": 76.953056,
      "city": "Coimbatore",
      "state": "Tamil Nadu",
      "street": "Mettupalayam Road",
      "postal_code": "641001",
      "country": "IND",
      "type": "A",
      "camera_type": "A",
      "speed_limit": "/",
      "direction": "180",
      "status": "A",
      "rotatable": true,
      "gps_status": "+"
    },
    {
      "id": 185815,
      "latitude": 11.022928,
      "longitude": 76.951736,
      "city": "Coimbatore",
      "state": "Tamil Nādu",
      "street": "Mettupalayam Road 359",
      "postal_code": "641011",
      "country": "IND",
      "type": "A",
      "camera_type": "A",
      "speed_limit": "/",
      "direction": "165",
      "status": "A",
      "rotatable": true,
      "gps_status": "+"
    },
    {
      "id": 185816,
      "latitude": 11.026725,
      "longitude": 76.951302,
      "city": "Coimbatore",
      "state": "Tamil Nadu",
      "street": "Mettupalayam Road",
      "postal_code": "641001",
      "country": "IND",
      "type": "A",
      "camera_type": "A",
      "speed_limit": "/",
      "direction": "200",
      "status": "A",
      "rotatable": true,
      "gps_status": "+"
    },
    {
      "id": 194385,
      "latitude": 11.010398,
      "longitude": 76.982025,
      "city": "Coimbatore",
      "state": "Tamil Nadu",
      "street": "Avinashi Road",
      "postal_code": "641001",
      "country": "IND",
      "type": "A",
      "camera_type": "A",
      "speed_limit": "/",
      "direction": "20",
      "status": "A",
      "rotatable": true,
      "gps_status": "+"
    },
    {
      "id": 194386,
      "latitude": 11.010598,
      "longitude": 76.982132,
      "city": "Coimbatore",
      "state": "Tamil Nadu",
      "street": "Avinashi Road",
      "postal_code": "641001",
      "country": "IND",
      "type": "A",
      "camera_type": "A",
      "speed_limit": "/",
      "direction": "10",
      "status": "A",
      "rotatable": true,
      "gps_status": "+"
    },
    {
      "id": 184672,
      "latitude": 11.012914,
      "longitude": 76.985985,
      "city": "Coimbatore",
      "state": "Tamil Nadu",
      "street": "Avinashi Road",
      "postal_code": "641001",
      "country": "IND",
      "type": "A",
      "camera_type": "A",
      "speed_limit": "/",
      "direction": "55",
      "status": "A",
      "rotatable": true,
      "gps_status": "+"
    },
    {
      "id": 184673,
      "latitude": 11.013095,
      "longitude": 76.986038,
      "city": "Coimbatore",
      "state": "Tamil Nadu",
      "street": "North Coimbatore - Ramanathapuram - Chettipalayam Road",
      "postal_code": "641001",
      "country": "IND",
      "type": "A",
      "camera_type": "A",
      "speed_limit": "/",
      "direction": "60",
      "status": "A",
      "rotatable": true,
      "gps_status": "+"
    },
    {
      "id": 184668,
      "latitude": 11.020087,
      "longitude": 76.992081,
      "city": "Coimbatore",
      "state": "Tamil Nadu",
      "street": "Way to Avarampalayam",
      "postal_code": "641001",
      "country": "IND",
      "type": "A",
      "camera_type": "A",
      "speed_limit": "/",
      "direction": "175",
      "status": "A",
      "rotatable": true,
      "gps_status": "+"
    },
    {
      "id": 184667,
      "latitude": 11.020183,
      "longitude": 76.992348,
      "city": "Tamil Nadu",
      "state": "Tamil Nadu",
      "street": "Avinashi Road",
      "postal_code": "641018",
      "country": "IND",
      "type": "A",
      "camera_type": "A",
      "speed_limit": "/",
      "direction": "110",
      "status": "A",
      "rotatable": true,
      "gps_status": "+"
    },
    {
      "id": 194390,
      "latitude": 11.030593,
      "longitude": 76.975784,
      "city": "Coimbatore",
      "state": "Tamil Nadu",
      "street": "Sathy Main Road",
      "postal_code": "641001",
      "country": "IND",
      "type": "A",
      "camera_type": "A",
      "speed_limit": "/",
      "direction": "180",
      "status": "A",
      "rotatable": true,
      "gps_status": "-"
    },
    {
      "id": 194388,
      "latitude": 11.030618,
      "longitude": 76.975754,
      "city": "Coimbatore",
      "state": "Tamil Nadu",
      "street": "Sathy Main Road",
      "postal_code": "641001",
      "country": "IND",
      "type": "A",
      "camera_type": "A",
      "speed_limit": "/",
      "direction": "325",
      "status": "A",
      "rotatable": true,
      "gps_status": "+"
    },
    {
      "id": 194387,
      "latitude": 11.036202,
      "longitude": 76.978363,
      "city": "Coimbatore",
      "state": "Tamil Nadu",
      "street": "Sakthi Main Road",
      "postal_code": "641001",
      "country": "IND",
      "type": "G50",
      "camera_type": "G",
      "speed_limit": "50",
      "direction": "155",
      "status": "A",
      "rotatable": true,
      "gps_status": "+"
    },
    {
      "id": 184713,
      "latitude": 11.041576,
      "longitude": 76.983231,
      "city": "Coimbatore",
      "state": "Tamil Nadu",
      "street": "Sakthi Main Road",
      "postal_code": "641001",
      "country": "IND",
      "type": "G30",
      "camera_type": "G",
      "speed_limit": "30",
      "direction": "50",
      "status": "A",
      "rotatable": true,
      "gps_status": "+"
    },
    {
      "id": 184675,
      "latitude": 11.044475,
      "longitude": 76.985481,
      "city": "Coimbatore",
      "state": "Tamil Nadu",
      "street": "Sakthi Main Road",
      "postal_code": "641001",
      "country": "IND",
      "type": "G40",
      "camera_type": "G",
      "speed_limit": "40",
      "direction": "350",
      "status": "A",
      "rotatable": true,
      "gps_status": "+"
    },
    {
      "id": 184674,
      "latitude": 11.044883,
      "longitude": 76.985741,
      "city": "Coimbatore",
      "state": "Tamil Nadu",
      "street": "Sakthi Main Road",
      "postal_code": "641001",
      "country": "IND",
      "type": "G40",
      "camera_type": "G",
      "speed_limit": "40",
      "direction": "45",
      "status": "A",
      "rotatable": true,
      "gps_status": "-"
    },
    {
      "id": 184658,
      "latitude": 11.072811,
      "longitude": 77.002083,
      "city": "Coimbatore",
      "state": "Tamil Nadu",
      "street": "NH948",
      "postal_code": "641001",
      "country": "IND",
      "type": "G40",
      "camera_type": "G",
      "speed_limit": "40",
      "direction": "100",
      "status": "A",
      "rotatable": true,
      "gps_status": "-"
    }
  ]
}