{
  "metadata": {
    "total_cameras": 222,
    "region": "Tamil Nadu",
    "country": "India",
    "extracted_at": "2026-01-29T11:41:24.788768",
    "source": "scdb.info",
    "scraping_method": "comprehensive_grid"
  },
  "cameras": [
    {
      "id": 194500,
      "latitude": 10.551608,
      "longitude": 76.226578,
      "city": "Thrissur",
      "state": "Tamil Nadu",
      "street": "Cheroor Road",
      "postal_code": "680008",
      "country": "IND",
      "type": "G40",
      "camera_type": "G",
      "speed_limit": "40",
      "direction": "345",
      "status": "A",
      "rotatable": true,
      "gps_status": "+"
    },
    {
      "id": 185504,
      "latitude": 10.586093,
      "longitude": 76.158592,
      "city": "Thrissur",
      "state": "Tamil Nadu",
      "street": "Thrissur-Kuttipuram road",
      "postal_code": "680555",
      "country": "IND",
      "type": "G40",
      "camera_type": "G",
      "speed_limit": "40",
      "direction": "320",
      "status": "A",
      "rotatable": true,
      "gps_status": "+"
    },
    {
      "id": 185858,
      "latitude": 10.586116,
      "longitude": 76.158661,
      "city": "",
      "state": "Tamil Nadu",
      "street": "Thrissur-Kuttipuram road",
      "postal_code": "680555",
      "country": "IND",
      "type": "G40",
      "camera_type": "G",
      "speed_limit": "40",
      "direction": "15",
      "status": "A",
      "rotatable": true,
      "gps_status": "+"
    },
    {
      "id": 185449,
      "latitude": 10.598821,
      "longitude": 76.053314,
      "city": "Guruvayur",
      "state": "Tamil Nadu",
      "street": "Guruvayur - Choondal Road",
      "postal_code": "680101",
      "country": "IND",
      "type": "G50",
      "camera_type": "G",
      "speed_limit": "50",
      "direction": "270",
      "status": "A",
      "rotatable": true,
      "gps_status": "+"
    },
    {
      "id": 194510,
      "latitude": 10.591865,
      "longitude": 76.15464,
      "city": "Thrissur",
      "state": "Tamil Nadu",
      "street": "Thrissur-Kuttipuram road",
      "postal_code": "680549",
      "country": "IND",
      "type": "G50",
      "camera_type": "G",
      "speed_limit": "50",
      "direction": "140",
      "status": "A",
      "rotatable": true,
      "gps_status": "+"
    },
    {
      "id": 194509,
      "latitude": 10.592195,
      "longitude": 76.154449,
      "city": "Thrissur",
      "state": "Tamil Nadu",
      "street": "Thrissur-Kuttipuram road",
      "postal_code": "680549",
      "country": "IND",
      "type": "G50",
      "camera_type": "G",
      "speed_limit": "50",
      "direction": "315",
      "status": "A",
      "rotatable": true,
      "gps_status": "+"
    },
    {
      "id": 185324,
      "latitude": 10.599582,
      "longitude": 76.210548,
      "city": "Thrissur",
      "state": "Tamil Nadu",
      "street": "Kodungallur-Shornur Road",
      "postal_code": "680010",
      "country": "IND",
      "type": "G50",
      "camera_type": "G",
      "speed_limit": "50",
      "direction": "25",
      "status": "A",
      "rotatable": true,
      "gps_status": "+"
    },
    {
      "id": 185141,
      "latitude": 10.590385,
      "longitude": 76.480568,
      "city": "Vadakkenchery",
      "state": "Tamil Nadu",
      "street": "Vadakkenchery - Pollachi Road",
      "postal_code": "678684",
      "country": "IND",
      "type": "G50",
      "camera_type": "G",
      "speed_limit": "50",
      "direction": "245",
      "status": "A",
      "rotatable": true,
      "gps_status": "+"
    },
    {
      "id": 185139,
      "latitude": 10.597397,
      "longitude": 76.485504,
      "city": "Vadakkenchery",
      "state": "Tamil Nadu",
      "street": "Salem - Kochi - Kanyakumari Highway",
      "postal_code": "678684",
      "country": "IND",
      "type": "G90",
      "camera_type": "G",
      "speed_limit": "90",
      "direction": "290",
      "status": "A",
      "rotatable": true,
      "gps_status": "+"
    },
    {
      "id": 185829,
      "latitude": 10.598723,
      "longitude": 76.488235,
      "city": "Vadakkenchery",
      "state": "Tamil Nadu",
      "street": "Vadakkenchery - Pollachi Road",
      "postal_code": "678684",
      "country": "IND",
      "type": "G50",
      "camera_type": "G",
      "speed_limit": "50",
      "direction": "120",
      "status": "A",
      "rotatable": true,
      "gps_status": "+"
    },
    {
      "id": 169993,
      "latitude": 10.597348,
      "longitude": 76.499664,
      "city": "Kerala",
      "state": "Tamil Nadu",
      "street": "Vadakkenchery-Pollachi Road",
      "postal_code": "678705",
      "country": "IND",
      "type": "G30",
      "camera_type": "G",
      "speed_limit": "30",
      "direction": "210",
      "status": "A",
      "rotatable": true,
      "gps_status": "+"
    },
    {
      "id": 185201,
      "latitude": 10.594586,
      "longitude": 76.589691,
      "city": "Kerala",
      "state": "Tamil Nadu",
      "street": "Vadakkenchery-Pollachi Road",
      "postal_code": "678508",
      "country": "IND",
      "type": "G50",
      "camera_type": "G",
      "speed_limit": "50",
      "direction": "270",
      "status": "A",
      "rotatable": true,
      "gps_status": "+"
    },
    {
      "id": 185483,
      "latitude": 10.627624,
      "longitude": 76.094086,
      "city": "Kerala",
      "state": "Tamil Nadu",
      "street": "unknown",
      "postal_code": "680502",
      "country": "IND",
      "type": "A",
      "camera_type": "A",
      "speed_limit": "/",
      "direction": "185",
      "status": "A",
      "rotatable": true,
      "gps_status": "+"
    },
    {
      "id": 185485,
      "latitude": 10.6277,
      "longitude": 76.094498,
      "city": "Kunnamkulam",
      "state": "Tamil Nadu",
      "street": "Thrissur – kunnamkulam Road",
      "postal_code": "680502",
      "country": "IND",
      "type": "A",
      "camera_type": "A",
      "speed_limit": "/",
      "direction": "235",
      "status": "A",
      "rotatable": true,
      "gps_status": "+"
    },
    {
      "id": 185481,
      "latitude": 10.628036,
      "longitude": 76.094017,
      "city": "Kunnamkulam",
      "state": "Tamil Nadu",
      "street": "Thrissur – kunnamkulam Road",
      "postal_code": "680502",
      "country": "IND",
      "type": "A",
      "camera_type": "A",
      "speed_limit": "/",
      "direction": "25",
      "status": "A",
      "rotatable": true,
      "gps_status": "+"
    },
    {
      "id": 185517,
      "latitude": 10.615431,
      "longitude": 76.12822,
      "city": "Kerala",
      "state": "Tamil Nadu",
      "street": "Thrissur-Kuttipuram road",
      "postal_code": "680546",
      "country": "IND",
      "type": "G50",
      "camera_type": "G",
      "speed_limit": "50",
      "direction": "230",
      "status": "A",
      "rotatable": true,
      "gps_status": "+"
    },
    {
      "id": 194514,
      "latitude": 10.621337,
      "longitude": 76.111649,
      "city": "Thrissur",
      "state": "Tamil Nadu",
      "street": "Thrissur-Kuttipuram road",
      "postal_code": "680502",
      "country": "IND",
      "type": "G40",
      "camera_type": "G",
      "speed_limit": "40",
      "direction": "95",
      "status": "A",
      "rotatable": true,
      "gps_status": "+"
    },
    {
      "id": 194513,
      "latitude": 10.621361,
      "longitude": 76.111664,
      "city": "Thrissur",
      "state": "Tamil Nadu",
      "street": "Thrissur-Kuttipuram road",
      "postal_code": "680502",
      "country": "IND",
      "type": "G40",
      "camera_type": "G",
      "speed_limit": "40",
      "direction": "5",
      "status": "A",
      "rotatable": true,
      "gps_status": "+"
    },
    {
      "id": 194503,
      "latitude": 10.610905,
      "longitude": 76.19902,
      "city": "Thrissur",
      "state": "Tamil Nadu",
      "street": "Medical College Road",
      "postal_code": "680596",
      "country": "IND",
      "type": "G50",
      "camera_type": "G",
      "speed_limit": "50",
      "direction": "170",
      "status": "A",
      "rotatable": true,
      "gps_status": "+"
    },
    {
      "id": 185473,
      "latitude": 10.613229,
      "longitude": 76.196861,
      "city": "Thrissur",
      "state": "Tamil Nadu",
      "street": "unknown",
      "postal_code": "680596",
      "country": "IND",
      "type": "G50",
      "camera_type": "G",
      "speed_limit": "50",
      "direction": "290",
      "status": "A",
      "rotatable": true,
      "gps_status": "-"
    },
    {
      "id": 185459,
      "latitude": 10.620095,
      "longitude": 76.21714,
      "city": "Kerala",
      "state": "Tamil Nadu",
      "street": "Shornur Road",
      "postal_code": "680623",
      "country": "IND",
      "type": "G50",
      "camera_type": "G",
      "speed_limit": "50",
      "direction": "235",
      "status": "A",
      "rotatable": true,
      "gps_status": "+"
    },
    {
      "id": 185138,
      "latitude": 10.613513,
      "longitude": 76.498993,
      "city": "Vadakkenchery",
      "state": "Tamil Nadu",
      "street": "Salem - Kochi - Kanyakumari Road",
      "postal_code": "678543",
      "country": "IND",
      "type": "G80",
      "camera_type": "G",
      "speed_limit": "80",
      "direction": "255",
      "status": "A",
      "rotatable": true,
      "gps_status": "+"
    },
    {
      "id": 185265,
      "latitude": 10.628269,
      "longitude": 76.512985,
      "city": "Vadakkenchery",
      "state": "Tamil Nadu",
      "street": "Salem - Kochi - Kanyakumari Road",
      "postal_code": "678543",
      "country": "IND",
      "type": "G100",
      "camera_type": "G",
      "speed_limit": "100",
      "direction": "65",
      "status": "A",
      "rotatable": true,
      "gps_status": "+"
    },
    {
      "id": 185182,
      "latitude": 10.611374,
      "longitude": 76.675247,
      "city": "Kerala",
      "state": "Tamil Nadu",
      "street": "Vadakkenchery - Pollachi Road",
      "postal_code": "678506",
      "country": "IND",
      "type": "G50",
      "camera_type": "G",
      "speed_limit": "50",
      "direction": "75",
      "status": "A",
      "rotatable": true,
      "gps_status": "+"
    },
    {
      "id": 185452,
      "latitude": 10.646928,
      "longitude": 76.067398,
      "city": "Chavakkad",
      "state": "Tamil Nadu",
      "street": "Chavakkad - Wadakkanchery Road",
      "postal_code": "680103",
      "country": "IND",
      "type": "G50",
      "camera_type": "G",
      "speed_limit": "50",
      "direction": "245",
      "status": "A",
      "rotatable": true,
      "gps_status": "+"
    },
    {
      "id": 185472,
      "latitude": 10.631163,
      "longitude": 76.08828,
      "city": "Kunnamkulam",
      "state": "Tamil Nadu",
      "street": "Thrissur – kunnamkulam Road",
      "postal_code": "680502",
      "country": "IND",
      "type": "G50",
      "camera_type": "G",
      "speed_limit": "50",
      "direction": "315",
      "status": "A",
      "rotatable": true,
      "gps_status": "+"
    },
    {
      "id": 185462,
      "latitude": 10.638584,
      "longitude": 76.078148,
      "city": "Kunnamkulam",
      "state": "Tamil Nadu",
      "street": "Thrissur – kunnamkulam Road",
      "postal_code": "680502",
      "country": "IND",
      "type": "G50",
      "camera_type": "G",
      "speed_limit": "50",
      "direction": "170",
      "status": "A",
      "rotatable": true,
      "gps_status": "+"
    },
    {
      "id": 185460,
      "latitude": 10.638753,
      "longitude": 76.07811,
      "city": "Kunnamkulam",
      "state": "Tamil Nadu",
      "street": "Thrissur – kunnamkulam Road",
      "postal_code": "680502",
      "country": "IND",
      "type": "G50",
      "camera_type": "G",
      "speed_limit": "50",
      "direction": "165",
      "status": "A",
      "rotatable": true,
      "gps_status": "+"
    },
    {
      "id": 185457,
      "latitude": 10.641485,
      "longitude": 76.075462,
      "city": "Kunnamkulam",
      "state": "Tamil Nadu",
      "street": "Thrissur – kunnamkulam Road",
      "postal_code": "680502",
      "country": "IND",
      "type": "G70",
      "camera_type": "G",
      "speed_limit": "70",
      "direction": "335",
      "status": "A",
      "rotatable": true,
      "gps_status": "+"
    },
    {
      "id": 185137,
      "latitude": 10.635671,
      "longitude": 76.520409,
      "city": "Vadakkenchery",
      "state": "Tamil Nadu",
      "street": "Salem - Kochi - Kanyakumari Road",
      "postal_code": "678543",
      "country": "IND",
      "type": "G70",
      "camera_type": "G",
      "speed_limit": "70",
      "direction": "190",
      "status": "A",
      "rotatable": true,
      "gps_status": "+"
    },
    {
      "id": 185134,
      "latitude": 10.642911,
      "longitude": 76.534431,
      "city": "Kerala",
      "state": "Tamil Nadu",
      "street": "Salem - Kochi - Kanyakumari Highway",
      "postal_code": "678541",
      "country": "IND",
      "type": "G80",
      "camera_type": "G",
      "speed_limit": "80",
      "direction": "355",
      "status": "A",
      "rotatable": true,
      "gps_status": "+"
    },
    {
      "id": 185132,
      "latitude": 10.648531,
      "longitude": 76.536156,
      "city": "Kerala",
      "state": "Tamil Nadu",
      "street": "Pazhayannur-Alathur Road",
      "postal_code": "678543",
      "country": "IND",
      "type": "G50",
      "camera_type": "G",
      "speed_limit": "50",
      "direction": "100",
      "status": "A",
      "rotatable": true,
      "gps_status": "+"
    },
    {
      "id": 194462,
      "latitude": 10.64662,
      "longitude": 76.56881,
      "city": "Kunissery",
      "state": "Tamil Nadu",
      "street": "Alathur-Kollengode Road",
      "postal_code": "678681",
      "country": "IND",
      "type": "G50",
      "camera_type": "G",
      "speed_limit": "50",
      "direction": "355",
      "status": "A",
      "rotatable": true,
      "gps_status": "+"
    },
    {
      "id": 185245,
      "latitude": 10.649062,
      "longitude": 76.562904,
      "city": "Kerala",
      "state": "Tamil Nadu",
      "street": "Salem - Kochi - Kanyakumari Highway",
      "postal_code": "678546",
      "country": "IND",
      "type": "G70",
      "camera_type": "G",
      "speed_limit": "70",
      "direction": "345",
      "status": "A",
      "rotatable": true,
      "gps_status": "+"
    },
    {
      "id": 194457,
      "latitude": 10.631157,
      "longitude": 76.694138,
      "city": "Keezhachira",
      "state": "Tamil Nadu",
      "street": "Kollengode-Pudhunagaram Road",
      "postal_code": "678504",
      "country": "IND",
      "type": "G50",
      "camera_type": "G",
      "speed_limit": "50",
      "direction": "350",
      "status": "A",
      "rotatable": true,
      "gps_status": "+"
    },
    {
      "id": 185465,
      "latitude": 10.653926,
      "longitude": 76.078461,
      "city": "Kunnamkulam",
      "state": "Tamil Nadu",
      "street": "Kunnamkulam - Wadakkanchery Road",
      "postal_code": "680604",
      "country": "IND",
      "type": "G50",
      "camera_type": "G",
      "speed_limit": "50",
      "direction": "330",
      "status": "A",
      "rotatable": true,
      "gps_status": "+"
    },
    {
      "id": 185825,
      "latitude": 10.650686,
      "longitude": 76.565521,
      "city": "",
      "state": "Tamil Nadu",
      "street": "Salem - Kochi - Kanyakumari Highway",
      "postal_code": "678546",
      "country": "IND",
      "type": "G70",
      "camera_type": "G",
      "speed_limit": "70",
      "direction": "60",
      "status": "A",
      "rotatable": true,
      "gps_status": "-"
    },
    {
      "id": 185454,
      "latitude": 10.681621,
      "longitude": 76.070175,
      "city": "Kunnamkulam",
      "state": "Tamil Nadu",
      "street": "Kunnamkulam - Kizhur (Vettikadavu Road) - Chirakkal Road",
      "postal_code": "680503",
      "country": "IND",
      "type": "G50",
      "camera_type": "G",
      "speed_limit": "50",
      "direction": "20",
      "status": "A",
      "rotatable": true,
      "gps_status": "+"
    },
    {
      "id": 182501,
      "latitude": 10.686604,
      "longitude": 76.088394,
      "city": "Kunnamkulam",
      "state": "Kerala",
      "street": "Thrissur – kunnamkuklam road",
      "postal_code": "680543",
      "country": "IND",
      "type": "G40",
      "camera_type": "G",
      "speed_limit": "40",
      "direction": "215",
      "status": "A",
      "rotatable": true,
      "gps_status": "+"
    },
    {
      "id": 185514,
      "latitude": 10.677508,
      "longitude": 76.120628,
      "city": "Kunnamkulam",
      "state": "Tamil Nadu",
      "street": "Kunnamkulam - Wadakkanchery Road",
      "postal_code": "680604",
      "country": "IND",
      "type": "G50",
      "camera_type": "G",
      "speed_limit": "50",
      "direction": "210",
      "status": "A",
      "rotatable": true,
      "gps_status": "+"
    },
    {
      "id": 185271,
      "latitude": 10.67749,
      "longitude": 76.466759,
      "city": "Kerala",
      "state": "Tamil Nadu",
      "street": "Alathur-Kazhani-Pazhambalakode Road",
      "postal_code": "678544",
      "country": "IND",
      "type": "G50",
      "camera_type": "G",
      "speed_limit": "50",
      "direction": "125",
      "status": "A",
      "rotatable": true,
      "gps_status": "+"
    },
    {
      "id": 185242,
      "latitude": 10.677844,
      "longitude": 76.577957,
      "city": "Kerala",
      "state": "Tamil Nadu",
      "street": "Salem - Kochi - Kanyakumari Highway",
      "postal_code": "678546",
      "country": "IND",
      "type": "G70",
      "camera_type": "G",
      "speed_limit": "70",
      "direction": "250",
      "status": "A",
      "rotatable": true,
      "gps_status": "+"
    },
    {
      "id": 194454,
      "latitude": 10.682522,
      "longitude": 76.699722,
      "city": "Chittur",
      "state": "Tamil Nadu",
      "street": "Palakkad - Koduvayur - Meenakshipuram Road",
      "postal_code": "678503",
      "country": "IND",
      "type": "G50",
      "camera_type": "G",
      "speed_limit": "50",
      "direction": "185",
      "status": "A",
      "rotatable": true,
      "gps_status": "+"
    },
    {
      "id": 185478,
      "latitude": 10.693806,
      "longitude": 76.091675,
      "city": "Kunnamkulam",
      "state": "Tamil Nadu",
      "street": "Thrissur – kunnamkuklam road",
      "postal_code": "680543",
      "country": "IND",
      "type": "G50",
      "camera_type": "G",
      "speed_limit": "50",
      "direction": "290",
      "status": "A",
      "rotatable": true,
      "gps_status": "+"
    },
    {
      "id": 185480,
      "latitude": 10.696243,
      "longitude": 76.091873,
      "city": "Kunnamkulam",
      "state": "Tamil Nadu",
      "street": "Thrissur – kunnamkuklam road",
      "postal_code": "680543",
      "country": "IND",
      "type": "G50",
      "camera_type": "G",
      "speed_limit": "50",
      "direction": "240",
      "status": "A",
      "rotatable": true,
      "gps_status": "+"
    },
    {
      "id": 185486,
      "latitude": 10.695162,
      "longitude": 76.269501,
      "city": "Kerala",
      "state": "Tamil Nadu",
      "street": "Kodungallur - Shornur Road",
      "postal_code": "680583",
      "country": "IND",
      "type": "G80",
      "camera_type": "G",
      "speed_limit": "80",
      "direction": "335",
      "status": "A",
      "rotatable": true,
      "gps_status": "+"
    },
    {
      "id": 185347,
      "latitude": 10.708492,
      "longitude": 76.279861,
      "city": "Kerala",
      "state": "Tamil Nadu",
      "street": "Kodungallur - Shornur Road",
      "postal_code": "680583",
      "country": "IND",
      "type": "G80",
      "camera_type": "G",
      "speed_limit": "80",
      "direction": "265",
      "status": "A",
      "rotatable": true,
      "gps_status": "+"
    },
    {
      "id": 185521,
      "latitude": 10.69557,
      "longitude": 76.331444,
      "city": "Kerala",
      "state": "Tamil Nadu",
      "street": "pazhayannur Road",
      "postal_code": "680610",
      "country": "IND",
      "type": "G50",
      "camera_type": "G",
      "speed_limit": "50",
      "direction": "95",
      "status": "A",
      "rotatable": true,
      "gps_status": "+"
    },
    {
      "id": 185200,
      "latitude": 10.699399,
      "longitude": 76.590698,
      "city": "Kerala",
      "state": "Tamil Nadu",
      "street": "Salem - Kochi - Kanyakumari Highway",
      "postal_code": "678702",
      "country": "IND",
      "type": "G70",
      "camera_type": "G",
      "speed_limit": "70",
      "direction": "345",
      "status": "A",
      "rotatable": true,
      "gps_status": "+"
    },
    {
      "id": 184872,
      "latitude": 10.696011,
      "longitude": 76.866928,
      "city": "Kerala",
      "state": "Tamil Nadu",
      "street": "Palakkad - Pollachi Road",
      "postal_code": "678555",
      "country": "IND",
      "type": "G80",
      "camera_type": "G",
      "speed_limit": "80",
      "direction": "265",
      "status": "A",
      "rotatable": true,
      "gps_status": "-"
    },
    {
      "id": 184873,
      "latitude": 10.696546,
      "longitude": 76.86628,
      "city": "Kerala",
      "state": "Tamil Nadu",
      "street": "Palakkad - Pollachi Road",
      "postal_code": "678555",
      "country": "IND",
      "type": "G80",
      "camera_type": "G",
      "speed_limit": "80",
      "direction": "5",
      "status": "A",
      "rotatable": true,
      "gps_status": "+"
    },
    {
      "id": 185451,
      "latitude": 10.719885,
      "longitude": 76.061394,
      "city": "Kerala",
      "state": "Tamil Nadu",
      "street": "Thrissur – kunnamkuklam road",
      "postal_code": "679591",
      "country": "IND",
      "type": "G70",
      "camera_type": "G",
      "speed_limit": "70",
      "direction": "330",
      "status": "A",
      "rotatable": true,
      "gps_status": "+"
    },
    {
      "id": 185455,
      "latitude": 10.718842,
      "longitude": 76.072823,
      "city": "Kerala",
      "state": "Tamil Nadu",
      "street": "Thrissur – kunnamkuklam road",
      "postal_code": "680543",
      "country": "IND",
      "type": "G50",
      "camera_type": "G",
      "speed_limit": "50",
      "direction": "15",
      "status": "A",
      "rotatable": true,
      "gps_status": "+"
    },
    {
      "id": 185456,
      "latitude": 10.718968,
      "longitude": 76.073166,
      "city": "Kerala",
      "state": "Tamil Nadu",
      "street": "Thrissur – kunnamkuklam road",
      "postal_code": "680543",
      "country": "IND",
      "type": "G50",
      "camera_type": "G",
      "speed_limit": "50",
      "direction": "295",
      "status": "A",
      "rotatable": true,
      "gps_status": "+"
    },
    {
      "id": 185192,
      "latitude": 10.715892,
      "longitude": 76.603279,
      "city": "Kerala",
      "state": "Tamil Nadu",
      "street": "Kuzhalmannam-Koduvayur Road",
      "postal_code": "678702",
      "country": "IND",
      "type": "G40",
      "camera_type": "G",
      "speed_limit": "40",
      "direction": "170",
      "status": "A",
      "rotatable": true,
      "gps_status": "+"
    },
    {
      "id": 185102,
      "latitude": 10.722243,
      "longitude": 76.604286,
      "city": "Kerala",
      "state": "Tamil Nadu",
      "street": "Salem - Kochi - Kanyakumari Highway",
      "postal_code": "678702",
      "country": "IND",
      "type": "G100",
      "camera_type": "G",
      "speed_limit": "100",
      "direction": "330",
      "status": "A",
      "rotatable": true,
      "gps_status": "+"
    },
    {
      "id": 185103,
      "latitude": 10.726654,
      "longitude": 76.780396,
      "city": "Kerala",
      "state": "Tamil Nadu",
      "street": "Chittur-Nallepilly Road",
      "postal_code": "678553",
      "country": "IND",
      "type": "G30",
      "camera_type": "G",
      "speed_limit": "30",
      "direction": "335",
      "status": "A",
      "rotatable": true,
      "gps_status": "+"
    },
    {
      "id": 194516,
      "latitude": 10.735901,
      "longitude": 76.028648,
      "city": "Changaramkulam",
      "state": "Tamil Nadu",
      "street": "Thrissur – kunnamkuklam road",
      "postal_code": "679591",
      "country": "IND",
      "type": "G70",
      "camera_type": "G",
      "speed_limit": "70",
      "direction": "200",
      "status": "A",
      "rotatable": true,
      "gps_status": "+"
    },
    {
      "id": 185442,
      "latitude": 10.73361,
      "longitude": 76.034836,
      "city": "Kerala",
      "state": "Tamil Nadu",
      "street": "Thrissur – kunnamkuklam road",
      "postal_code": "679591",
      "country": "IND",
      "type": "G70",
      "camera_type": "G",
      "speed_limit": "70",
      "direction": "190",
      "status": "A",
      "rotatable": true,
      "gps_status": "+"
    },
    {
      "id": 185443,
      "latitude": 10.733802,
      "longitude": 76.03447,
      "city": "Kerala",
      "state": "Tamil Nadu",
      "street": "Thrissur – kunnamkuklam road",
      "postal_code": "679591",
      "country": "IND",
      "type": "G70",
      "camera_type": "G",
      "speed_limit": "70",
      "direction": "180",
      "status": "L",
      "rotatable": true,
      "gps_status": "+"
    },
    {
      "id": 185353,
      "latitude": 10.748961,
      "longitude": 76.274689,
      "city": "Kerala",
      "state": "Tamil Nadu",
      "street": "Kodungallur - Shornur Road",
      "postal_code": "679123",
      "country": "IND",
      "type": "G50",
      "camera_type": "G",
      "speed_limit": "50",
      "direction": "130",
      "status": "A",
      "rotatable": true,
      "gps_status": "+"
    },
    {
      "id": 206316,
      "latitude": 10.730051,
      "longitude": 76.427025,
      "city": "Thiruvilwamala",
      "state": "Tamil Nadu",
      "street": "Thiruvilwamala Chungam",
      "postal_code": "680588",
      "country": "IND",
      "type": "G40",
      "camera_type": "G",
      "speed_limit": "40",
      "direction": "165",
      "status": "A",
      "rotatable": true,
      "gps_status": "+"
    },
    {
      "id": 185100,
      "latitude": 10.733568,
      "longitude": 76.613312,
      "city": "Kerala",
      "state": "Tamil Nadu",
      "street": "Salem - Kochi - Kanyakumari Highway",
      "postal_code": "678702",
      "country": "IND",
      "type": "G100",
      "camera_type": "G",
      "speed_limit": "100",
      "direction": "145",
      "status": "A",
      "rotatable": true,
      "gps_status": "-"
    },
    {
      "id": 185097,
      "latitude": 10.737887,
      "longitude": 76.623833,
      "city": "Kerala",
      "state": "Tamil Nadu",
      "street": "Salem - Kochi - Kanyakumari Highway",
      "postal_code": "678701",
      "country": "IND",
      "type": "G80",
      "camera_type": "G",
      "speed_limit": "80",
      "direction": "335",
      "status": "L",
      "rotatable": true,
      "gps_status": "+"
    },
    {
      "id": 185188,
      "latitude": 10.731963,
      "longitude": 76.641769,
      "city": "Kerala",
      "state": "Tamil Nadu",
      "street": "Kazhichaparambu Pannikkode Road",
      "postal_code": "678701",
      "country": "IND",
      "type": "G40",
      "camera_type": "G",
      "speed_limit": "40",
      "direction": "210",
      "status": "A",
      "rotatable": true,
      "gps_status": "+"
    },
    {
      "id": 185190,
      "latitude": 10.738826,
      "longitude": 76.639519,
      "city": "Kerala",
      "state": "Tamil Nadu",
      "street": "Salem - Kochi - Kanyakumari Highway",
      "postal_code": "678701",
      "country": "IND",
      "type": "G70",
      "camera_type": "G",
      "speed_limit": "70",
      "direction": "270",
      "status": "A",
      "rotatable": true,
      "gps_status": "+"
    },
    {
      "id": 185186,
      "latitude": 10.734009,
      "longitude": 76.654282,
      "city": "Kerala",
      "state": "Tamil Nadu",
      "street": "Palakkad - Koduvayur - Meenakshipuram Road",
      "postal_code": "678701",
      "country": "IND",
      "type": "G40",
      "camera_type": "G",
      "speed_limit": "40",
      "direction": "340",
      "status": "A",
      "rotatable": true,
      "gps_status": "+"
    },
    {
      "id": 185187,
      "latitude": 10.740086,
      "longitude": 76.653381,
      "city": "Kerala",
      "state": "Tamil Nadu",
      "street": "unknown",
      "postal_code": "678701",
      "country": "IND",
      "type": "G50",
      "camera_type": "G",
      "speed_limit": "50",
      "direction": "350",
      "status": "A",
      "rotatable": true,
      "gps_status": "+"
    },
    {
      "id": 194438,
      "latitude": 10.743785,
      "longitude": 76.830444,
      "city": "Kozhinjampara",
      "state": "Tamil Nadu",
      "street": "Palakkad - Pollachi Road",
      "postal_code": "678555",
      "country": "IND",
      "type": "G50",
      "camera_type": "G",
      "speed_limit": "50",
      "direction": "100",
      "status": "A",
      "rotatable": true,
      "gps_status": "+"
    },
    {
      "id": 185421,
      "latitude": 10.758918,
      "longitude": 75.966492,
      "city": "Kerala",
      "state": "Tamil Nadu",
      "street": "Guruvayoor - Althara - Ponnani Road",
      "postal_code": "679581",
      "country": "IND",
      "type": "G80",
      "camera_type": "G",
      "speed_limit": "80",
      "direction": "150",
      "status": "A",
      "rotatable": true,
      "gps_status": "+"
    },
    {
      "id": 185439,
      "latitude": 10.758263,
      "longitude": 76.017509,
      "city": "Kerala",
      "state": "Tamil Nadu",
      "street": "Thrissur – Kuttippuram Road",
      "postal_code": "679585",
      "country": "IND",
      "type": "G80",
      "camera_type": "G",
      "speed_limit": "80",
      "direction": "40",
      "status": "A",
      "rotatable": true,
      "gps_status": "+"
    },
    {
      "id": 185438,
      "latitude": 10.758358,
      "longitude": 76.017464,
      "city": "Kerala",
      "state": "Tamil Nadu",
      "street": "Thrissur – Kuttippuram Road",
      "postal_code": "679585",
      "country": "IND",
      "type": "G80",
      "camera_type": "G",
      "speed_limit": "80",
      "direction": "75",
      "status": "A",
      "rotatable": true,
      "gps_status": "+"
    },
    {
      "id": 185436,
      "latitude": 10.769058,
      "longitude": 76.015144,
      "city": "Kerala",
      "state": "Tamil Nadu",
      "street": "Thrissur – Kuttippuram Road",
      "postal_code": "679585",
      "country": "IND",
      "type": "G80",
      "camera_type": "G",
      "speed_limit": "80",
      "direction": "330",
      "status": "A",
      "rotatable": true,
      "gps_status": "+"
    },
    {
      "id": 185435,
      "latitude": 10.769555,
      "longitude": 76.015083,
      "city": "Kerala",
      "state": "Tamil Nadu",
      "street": "Thrissur – Kuttippuram Road",
      "postal_code": "679585",
      "country": "IND",
      "type": "G80",
      "camera_type": "G",
      "speed_limit": "80",
      "direction": "265",
      "status": "A",
      "rotatable": true,
      "gps_status": "+"
    },
    {
      "id": 185507,
      "latitude": 10.759521,
      "longitude": 76.130913,
      "city": "Kerala",
      "state": "Tamil Nadu",
      "street": "Perumbilavu-Nilambur Road",
      "postal_code": "679533",
      "country": "IND",
      "type": "G50",
      "camera_type": "G",
      "speed_limit": "50",
      "direction": "325",
      "status": "A",
      "rotatable": true,
      "gps_status": "+"
    },
    {
      "id": 185323,
      "latitude": 10.750814,
      "longitude": 76.211494,
      "city": "Kerala",
      "state": "Tamil Nadu",
      "street": "Kootupatha-Cheruthuruthy Road",
      "postal_code": "679532",
      "country": "IND",
      "type": "G50",
      "camera_type": "G",
      "speed_limit": "50",
      "direction": "100",
      "status": "A",
      "rotatable": true,
      "gps_status": "+"
    },
    {
      "id": 185376,
      "latitude": 10.756428,
      "longitude": 76.436478,
      "city": "Kerala",
      "state": "Tamil Nadu",
      "street": "Pazhayannur-Lakkidi Road",
      "postal_code": "680597",
      "country": "IND",
      "type": "G50",
      "camera_type": "G",
      "speed_limit": "50",
      "direction": "265",
      "status": "A",
      "rotatable": true,
      "gps_status": "+"
    },
    {
      "id": 185098,
      "latitude": 10.769861,
      "longitude": 76.617805,
      "city": "Palakkad",
      "state": "Tamil Nadu",
      "street": "Mankara-Chakkanthara Road",
      "postal_code": "678001",
      "country": "IND",
      "type": "G50",
      "camera_type": "G",
      "speed_limit": "50",
      "direction": "280",
      "status": "A",
      "rotatable": true,
      "gps_status": "+"
    },
    {
      "id": 194459,
      "latitude": 10.761076,
      "longitude": 76.664421,
      "city": "Palakkad",
      "state": "Tamil Nadu",
      "street": "Palakkad-Chittur Road",
      "postal_code": "678001",
      "country": "IND",
      "type": "G50",
      "camera_type": "G",
      "speed_limit": "50",
      "direction": "130",
      "status": "A",
      "rotatable": true,
      "gps_status": "+"
    },
    {
      "id": 185095,
      "latitude": 10.764065,
      "longitude": 76.674965,
      "city": "Palakkad",
      "state": "Tamil Nadu",
      "street": "Salem - Kochi - Kanyakumari Highway",
      "postal_code": "678001",
      "country": "IND",
      "type": "G90",
      "camera_type": "G",
      "speed_limit": "90",
      "direction": "60",
      "status": "A",
      "rotatable": true,
      "gps_status": "-"
    },
    {
      "id": 194456,
      "latitude": 10.767157,
      "longitude": 76.69445,
      "city": "Palakkad",
      "state": "Tamil Nadu",
      "street": "Kallingal Marutharoad Rd",
      "postal_code": "678007",
      "country": "IND",
      "type": "G50",
      "camera_type": "G",
      "speed_limit": "50",
      "direction": "210",
      "status": "A",
      "rotatable": true,
      "gps_status": "+"
    },
    {
      "id": 185420,
      "latitude": 10.786453,
      "longitude": 75.951698,
      "city": "Kerala",
      "state": "Tamil Nadu",
      "street": "Edappal - Ponnani Road",
      "postal_code": "676577",
      "country": "IND",
      "type": "G50",
      "camera_type": "G",
      "speed_limit": "50",
      "direction": "240",
      "status": "A",
      "rotatable": true,
      "gps_status": "+"
    },
    {
      "id": 185354,
      "latitude": 10.785654,
      "longitude": 76.261467,
      "city": "Kerala",
      "state": "Tamil Nadu",
      "street": "Shornur - Pattambi Road",
      "postal_code": "679122",
      "country": "IND",
      "type": "G80",
      "camera_type": "G",
      "speed_limit": "80",
      "direction": "330",
      "status": "A",
      "rotatable": true,
      "gps_status": "+"
    },
    {
      "id": 194477,
      "latitude": 10.772898,
      "longitude": 76.380196,
      "city": "Ottappalam",
      "state": "Tamil Nadu",
      "street": "Palakkad - Ottappalam - Shornur Road",
      "postal_code": "679101",
      "country": "IND",
      "type": "G50",
      "camera_type": "G",
      "speed_limit": "50",
      "direction": "125",
      "status": "A",
      "rotatable": true,
      "gps_status": "+"
    },
    {
      "id": 194470,
      "latitude": 10.779952,
      "longitude": 76.475273,
      "city": "Pathirippala",
      "state": "Tamil Nadu",
      "street": "Palghat-Ottappalam-Shornur Road",
      "postal_code": "679301",
      "country": "IND",
      "type": "G60",
      "camera_type": "G",
      "speed_limit": "60",
      "direction": "110",
      "status": "A",
      "rotatable": true,
      "gps_status": "+"
    },
    {
      "id": 185189,
      "latitude": 10.770204,
      "longitude": 76.63942,
      "city": "Palakkad",
      "state": "Tamil Nadu",
      "street": "Shoranur Road",
      "postal_code": "678001",
      "country": "IND",
      "type": "G40",
      "camera_type": "G",
      "speed_limit": "40",
      "direction": "310",
      "status": "A",
      "rotatable": true,
      "gps_status": "+"
    },
    {
      "id": 185185,
      "latitude": 10.781486,
      "longitude": 76.659439,
      "city": "Palakkad",
      "state": "Tamil Nadu",
      "street": "Palakkad-Malappuram-Calicut Road",
      "postal_code": "678001",
      "country": "IND",
      "type": "G50",
      "camera_type": "G",
      "speed_limit": "50",
      "direction": "270",
      "status": "A",
      "rotatable": true,
      "gps_status": "+"
    },
    {
      "id": 185087,
      "latitude": 10.773478,
      "longitude": 76.696053,
      "city": "Kerala",
      "state": "Tamil Nadu",
      "street": "unknown",
      "postal_code": "678007",
      "country": "IND",
      "type": "G70",
      "camera_type": "G",
      "speed_limit": "70",
      "direction": "305",
      "status": "A",
      "rotatable": true,
      "gps_status": "+"
    },
    {
      "id": 185084,
      "latitude": 10.775897,
      "longitude": 76.705276,
      "city": "Palakkad",
      "state": "Tamil Nadu",
      "street": "Salem - Kochi - Kanyakumari Highway",
      "postal_code": "678001",
      "country": "IND",
      "type": "G100",
      "camera_type": "G",
      "speed_limit": "100",
      "direction": "200",
      "status": "A",
      "rotatable": true,
      "gps_status": "+"
    },
    {
      "id": 185149,
      "latitude": 10.77803,
      "longitude": 76.711128,
      "city": "Kerala",
      "state": "Tamil Nadu",
      "street": "Salem - Kochi - Kanyakumari Highway",
      "postal_code": "678007",
      "country": "IND",
      "type": "G70",
      "camera_type": "G",
      "speed_limit": "70",
      "direction": "245",
      "status": "A",
      "rotatable": true,
      "gps_status": "+"
    },
    {
      "id": 185124,
      "latitude": 10.784354,
      "longitude": 76.716309,
      "city": "Kerala",
      "state": "Tamil Nadu",
      "street": "Salem - Kochi - Kanyakumari Highway",
      "postal_code": "678623",
      "country": "IND",
      "type": "A",
      "camera_type": "A",
      "speed_limit": "/",
      "direction": "355",
      "status": "A",
      "rotatable": true,
      "gps_status": "+"
    },
    {
      "id": 185126,
      "latitude": 10.784422,
      "longitude": 76.716232,
      "city": "Kerala",
      "state": "Tamil Nadu",
      "street": "Salem - Kochi - Kanyakumari Highway",
      "postal_code": "678623",
      "country": "IND",
      "type": "A",
      "camera_type": "A",
      "speed_limit": "/",
      "direction": "75",
      "status": "A",
      "rotatable": true,
      "gps_status": "+"
    },
    {
      "id": 185432,
      "latitude": 10.8054,
      "longitude": 76.007797,
      "city": "Kerala",
      "state": "Tamil Nadu",
      "street": "Thrissur – Kuttippuram Road",
      "postal_code": "679576",
      "country": "IND",
      "type": "G80",
      "camera_type": "G",
      "speed_limit": "80",
      "direction": "205",
      "status": "A",
      "rotatable": true,
      "gps_status": "+"
    },
    {
      "id": 204862,
      "latitude": 10.7986,
      "longitude": 76.111397,
      "city": "Kerala",
      "state": "Tamil Nadu",
      "street": "Thrithala-Padinjarangadi Road",
      "postal_code": "979536",
      "country": "IND",
      "type": "G60",
      "camera_type": "G",
      "speed_limit": "60",
      "direction": "65",
      "status": "A",
      "rotatable": true,
      "gps_status": "+"
    },
    {
      "id": 185498,
      "latitude": 10.798531,
      "longitude": 76.179955,
      "city": "Kerala",
      "state": "Tamil Nadu",
      "street": "Perumbilavu-Nilambur Road",
      "postal_code": "679533",
      "country": "IND",
      "type": "G50",
      "camera_type": "G",
      "speed_limit": "50",
      "direction": "230",
      "status": "A",
      "rotatable": true,
      "gps_status": "+"
    },
    {
      "id": 194505,
      "latitude": 10.801229,
      "longitude": 76.180542,
      "city": "Pattambi",
      "state": "Tamil Nadu",
      "street": "Perumbilavu-Nilambur Road",
      "postal_code": "679303",
      "country": "IND",
      "type": "G30",
      "camera_type": "G",
      "speed_limit": "30",
      "direction": "280",
      "status": "A",
      "rotatable": true,
      "gps_status": "+"
    },
    {
      "id": 194464,
      "latitude": 10.800438,
      "longitude": 76.552818,
      "city": "Parali",
      "state": "Tamil Nadu",
      "street": "Palghat-Ottappalam-Shornur Road",
      "postal_code": "679301",
      "country": "IND",
      "type": "G50",
      "camera_type": "G",
      "speed_limit": "50",
      "direction": "270",
      "status": "A",
      "rotatable": true,
      "gps_status": "+"
    },
    {
      "id": 194449,
      "latitude": 10.7911,
      "longitude": 76.7229,
      "city": "Kanjikode",
      "state": "Tamil Nadu",
      "street": "Salem - Kochi - Kanyakumari Highway",
      "postal_code": "678623",
      "country": "IND",
      "type": "G70",
      "camera_type": "G",
      "speed_limit": "70",
      "direction": "75",
      "status": "A",
      "rotatable": true,
      "gps_status": "+"
    },
    {
      "id": 185046,
      "latitude": 10.794905,
      "longitude": 76.735443,
      "city": "Kerala",
      "state": "Tamil Nadu",
      "street": "Salem - Kochi - Kanyakumari Highway",
      "postal_code": "678623",
      "country": "IND",
      "type": "G70",
      "camera_type": "G",
      "speed_limit": "70",
      "direction": "270",
      "status": "A",
      "rotatable": true,
      "gps_status": "+"
    },
    {
      "id": 185114,
      "latitude": 10.797493,
      "longitude": 76.766663,
      "city": "Kerala",
      "state": "Tamil Nadu",
      "street": "Salem - Kochi - Kanyakumari Highway",
      "postal_code": "678621",
      "country": "IND",
      "type": "G80",
      "camera_type": "G",
      "speed_limit": "80",
      "direction": "50",
      "status": "A",
      "rotatable": true,
      "gps_status": "+"
    },
    {
      "id": 185063,
      "latitude": 10.799226,
      "longitude": 76.754868,
      "city": "Kerala",
      "state": "Tamil Nadu",
      "street": "Salem - Kochi - Kanyakumari Highway",
      "postal_code": "678621",
      "country": "IND",
      "type": "G90",
      "camera_type": "G",
      "speed_limit": "90",
      "direction": "50",
      "status": "A",
      "rotatable": true,
      "gps_status": "+"
    },
    {
      "id": 185042,
      "latitude": 10.799328,
      "longitude": 76.750839,
      "city": "Kerala",
      "state": "Tamil Nadu",
      "street": "Salem - Kochi - Kanyakumari Highway",
      "postal_code": "678621",
      "country": "IND",
      "type": "G70",
      "camera_type": "G",
      "speed_limit": "70",
      "direction": "5",
      "status": "A",
      "rotatable": true,
      "gps_status": "+"
    },
    {
      "id": 185101,
      "latitude": 10.79403,
      "longitude": 76.781128,
      "city": "Kerala",
      "state": "Tamil Nadu",
      "street": "unknown",
      "postal_code": "678621",
      "country": "IND",
      "type": "G40",
      "camera_type": "G",
      "speed_limit": "40",
      "direction": "305",
      "status": "A",
      "rotatable": true,
      "gps_status": "+"
    },
    {
      "id": 185107,
      "latitude": 10.798022,
      "longitude": 76.775131,
      "city": "Kerala",
      "state": "Tamil Nadu",
      "street": "Salem - Kochi - Kanyakumari Highway",
      "postal_code": "678621",
      "country": "IND",
      "type": "G80",
      "camera_type": "G",
      "speed_limit": "80",
      "direction": "145",
      "status": "A",
      "rotatable": true,
      "gps_status": "+"
    },
    {
      "id": 185090,
      "latitude": 10.804449,
      "longitude": 76.787811,
      "city": "Kerala",
      "state": "Tamil Nadu",
      "street": "Salem - Kochi - Kanyakumari Highway",
      "postal_code": "678621",
      "country": "IND",
      "type": "G90",
      "camera_type": "G",
      "speed_limit": "90",
      "direction": "240",
      "status": "A",
      "rotatable": true,
      "gps_status": "+"
    },
    {
      "id": 185091,
      "latitude": 10.804477,
      "longitude": 76.787682,
      "city": "Kerala",
      "state": "Tamil Nadu",
      "street": "Salem - Kochi - Kanyakumari Highway",
      "postal_code": "678621",
      "country": "IND",
      "type": "G90",
      "camera_type": "G",
      "speed_limit": "90",
      "direction": "50",
      "status": "A",
      "rotatable": true,
      "gps_status": "+"
    },
    {
      "id": 185515,
      "latitude": 10.810292,
      "longitude": 76.186928,
      "city": "Kerala",
      "state": "Tamil Nadu",
      "street": "Perumbilavu-Nilambur Road",
      "postal_code": "679307",
      "country": "IND",
      "type": "G50",
      "camera_type": "G",
      "speed_limit": "50",
      "direction": "55",
      "status": "A",
      "rotatable": true,
      "gps_status": "+"
    },
    {
      "id": 185055,
      "latitude": 10.820296,
      "longitude": 76.810593,
      "city": "Kerala",
      "state": "Tamil Nadu",
      "street": "Salem - Kochi - Kanyakumari Highway",
      "postal_code": "678624",
      "country": "IND",
      "type": "G50",
      "camera_type": "G",
      "speed_limit": "50",
      "direction": "15",
      "status": "A",
      "rotatable": true,
      "gps_status": "-"
    },
    {
      "id": 184924,
      "latitude": 10.826647,
      "longitude": 76.821892,
      "city": "Kerala",
      "state": "Tamil Nadu",
      "street": "Salem - Kochi - Kanyakumari Highway",
      "postal_code": "678624",
      "country": "IND",
      "type": "G90",
      "camera_type": "G",
      "speed_limit": "90",
      "direction": "170",
      "status": "A",
      "rotatable": true,
      "gps_status": "+"
    },
    {
      "id": 185419,
      "latitude": 10.8378,
      "longitude": 75.9468,
      "city": "Kerala",
      "state": "Tamil Nadu",
      "street": "Chamravattom Tirur Road",
      "postal_code": "676102",
      "country": "IND",
      "type": "G70",
      "camera_type": "G",
      "speed_limit": "70",
      "direction": "230",
      "status": "A",
      "rotatable": true,
      "gps_status": "+"
    },
    {
      "id": 185418,
      "latitude": 10.842297,
      "longitude": 75.94503,
      "city": "Kerala",
      "state": "Tamil Nadu",
      "street": "Chamravattom Tirur Road",
      "postal_code": "676102",
      "country": "IND",
      "type": "G70",
      "camera_type": "G",
      "speed_limit": "70",
      "direction": "145",
      "status": "A",
      "rotatable": true,
      "gps_status": "+"
    },
    {
      "id": 185264,
      "latitude": 10.839701,
      "longitude": 76.251228,
      "city": "Kerala",
      "state": "Tamil Nadu",
      "street": "Pattambi-Cherupulassery Road",
      "postal_code": "679335",
      "country": "IND",
      "type": "G50",
      "camera_type": "G",
      "speed_limit": "50",
      "direction": "70",
      "status": "A",
      "rotatable": true,
      "gps_status": "+"
    },
    {
      "id": 184892,
      "latitude": 10.841397,
      "longitude": 76.838783,
      "city": "Kerala",
      "state": "Tamil Nadu",
      "street": "Salem - Kochi - Kanyakumari Highway",
      "postal_code": "678624",
      "country": "IND",
      "type": "G70",
      "camera_type": "G",
      "speed_limit": "70",
      "direction": "325",
      "status": "A",
      "rotatable": true,
      "gps_status": "+"
    },
    {
      "id": 184891,
      "latitude": 10.849441,
      "longitude": 76.840698,
      "city": "Kerala",
      "state": "Tamil Nadu",
      "street": "Salem - Kochi - Kanyakumari Highway",
      "postal_code": "678624",
      "country": "IND",
      "type": "G70",
      "camera_type": "G",
      "speed_limit": "70",
      "direction": "160",
      "status": "A",
      "rotatable": true,
      "gps_status": "+"
    },
    {
      "id": 185441,
      "latitude": 10.851142,
      "longitude": 76.028046,
      "city": "Kuttippuram",
      "state": "Kerala",
      "street": "Tirur - Kuttippuram Road 5",
      "postal_code": "679571",
      "country": "IND",
      "type": "G50",
      "camera_type": "G",
      "speed_limit": "50",
      "direction": "310",
      "status": "A",
      "rotatable": true,
      "gps_status": "-"
    },
    {
      "id": 185470,
      "latitude": 10.8812,
      "longitude": 76.085602,
      "city": "Valanchery",
      "state": "Tamil Nadu",
      "street": "Valanchery-Koppam Road",
      "postal_code": "679304",
      "country": "IND",
      "type": "G50",
      "camera_type": "G",
      "speed_limit": "50",
      "direction": "270",
      "status": "A",
      "rotatable": true,
      "gps_status": "+"
    },
    {
      "id": 185502,
      "latitude": 10.8796,
      "longitude": 76.111702,
      "city": "Valanchery",
      "state": "Tamil Nadu",
      "street": "Valanchery-Koppam Road",
      "postal_code": "679304",
      "country": "IND",
      "type": "G50",
      "camera_type": "G",
      "speed_limit": "50",
      "direction": "10",
      "status": "A",
      "rotatable": true,
      "gps_status": "+"
    },
    {
      "id": 194489,
      "latitude": 10.881666,
      "longitude": 76.318459,
      "city": "Cherpulassery",
      "state": "Tamil Nadu",
      "street": "Cherpulassery-Pattambi-Koppam Road",
      "postal_code": "679503",
      "country": "IND",
      "type": "G50",
      "camera_type": "G",
      "speed_limit": "50",
      "direction": "235",
      "status": "A",
      "rotatable": true,
      "gps_status": "-"
    },
    {
      "id": 185458,
      "latitude": 10.898198,
      "longitude": 76.077477,
      "city": "Valanchery",
      "state": "Tamil Nadu",
      "street": "Valanchery - Perinthalmanna Road",
      "postal_code": "576552",
      "country": "IND",
      "type": "G50",
      "camera_type": "G",
      "speed_limit": "50",
      "direction": "180",
      "status": "A",
      "rotatable": true,
      "gps_status": "+"
    },
    {
      "id": 185513,
      "latitude": 10.899751,
      "longitude": 76.190384,
      "city": "Kerala",
      "state": "Tamil Nadu",
      "street": "Perumbilavu-Nilambur Road",
      "postal_code": "679323",
      "country": "IND",
      "type": "G40",
      "camera_type": "G",
      "speed_limit": "40",
      "direction": "300",
      "status": "A",
      "rotatable": true,
      "gps_status": "+"
    },
    {
      "id": 206317,
      "latitude": 10.894984,
      "longitude": 76.388863,
      "city": "Thiruvazhiyode",
      "state": "Tamil Nadu",
      "street": "Mannarkkad Road",
      "postal_code": "679514",
      "country": "IND",
      "type": "G40",
      "camera_type": "G",
      "speed_limit": "40",
      "direction": "280",
      "status": "A",
      "rotatable": true,
      "gps_status": "+"
    },
    {
      "id": 185135,
      "latitude": 10.899676,
      "longitude": 76.530663,
      "city": "Kerala",
      "state": "Tamil Nadu",
      "street": "Kalladikode Sreekrishnapuram Road",
      "postal_code": "678596",
      "country": "IND",
      "type": "G50",
      "camera_type": "G",
      "speed_limit": "50",
      "direction": "95",
      "status": "A",
      "rotatable": true,
      "gps_status": "+"
    },
    {
      "id": 218991,
      "latitude": 10.91682,
      "longitude": 75.918266,
      "city": "Tirur",
      "state": "Tamil Nadu",
      "street": "Tirur Chamravattam - Kadalundi - Kozhikkode Road",
      "postal_code": "676107",
      "country": "IND",
      "type": "G70",
      "camera_type": "G",
      "speed_limit": "70",
      "direction": "40",
      "status": "A",
      "rotatable": true,
      "gps_status": "-"
    },
    {
      "id": 185427,
      "latitude": 10.925383,
      "longitude": 75.997368,
      "city": "Puthanathani",
      "state": "Tamil Nadu",
      "street": "Puthanathani - Tirunavaya Road",
      "postal_code": "676552",
      "country": "IND",
      "type": "G60",
      "camera_type": "G",
      "speed_limit": "60",
      "direction": "160",
      "status": "A",
      "rotatable": true,
      "gps_status": "+"
    },
    {
      "id": 206313,
      "latitude": 10.915774,
      "longitude": 76.524796,
      "city": "Karimba South",
      "state": "Tamil Nadu",
      "street": "Palakkad-Malappuram-Calicut Road",
      "postal_code": "678597",
      "country": "IND",
      "type": "G80",
      "camera_type": "G",
      "speed_limit": "80",
      "direction": "260",
      "status": "A",
      "rotatable": true,
      "gps_status": "-"
    },
    {
      "id": 185425,
      "latitude": 10.939763,
      "longitude": 75.982185,
      "city": "Kerala",
      "state": "Tamil Nadu",
      "street": "Vailathur-Puthanathani Road",
      "postal_code": "676551",
      "country": "IND",
      "type": "G50",
      "camera_type": "G",
      "speed_limit": "50",
      "direction": "100",
      "status": "A",
      "rotatable": true,
      "gps_status": "+"
    },
    {
      "id": 185263,
      "latitude": 10.944834,
      "longitude": 76.514702,
      "city": "Kerala",
      "state": "Tamil Nadu",
      "street": "Ponnamgode-Karakkurussi Road",
      "postal_code": "678593",
      "country": "IND",
      "type": "G50",
      "camera_type": "G",
      "speed_limit": "50",
      "direction": "10",
      "status": "A",
      "rotatable": true,
      "gps_status": "+"
    },
    {
      "id": 185382,
      "latitude": 10.9674,
      "longitude": 76.274002,
      "city": "Kerala",
      "state": "Tamil Nadu",
      "street": "Calicut-Malappuram-Palakkad Road",
      "postal_code": "679357",
      "country": "IND",
      "type": "G70",
      "camera_type": "G",
      "speed_limit": "70",
      "direction": "180",
      "status": "A",
      "rotatable": true,
      "gps_status": "-"
    },
    {
      "id": 185237,
      "latitude": 10.954479,
      "longitude": 76.322395,
      "city": "Kerala",
      "state": "Tamil Nadu",
      "street": "Calicut-Malappuram-Palakkad Road",
      "postal_code": "679357",
      "country": "IND",
      "type": "G70",
      "camera_type": "G",
      "speed_limit": "70",
      "direction": "320",
      "status": "A",
      "rotatable": true,
      "gps_status": "+"
    },
    {
      "id": 220088,
      "latitude": 10.97161,
      "longitude": 75.882957,
      "city": "Tanur",
      "state": "Tamil Nadu",
      "street": "Chamravattam - Tirur - Kozhikkode Road",
      "postal_code": "676302",
      "country": "IND",
      "type": "G40",
      "camera_type": "G",
      "speed_limit": "40",
      "direction": "85",
      "status": "A",
      "rotatable": true,
      "gps_status": "+"
    },
    {
      "id": 185428,
      "latitude": 10.9834,
      "longitude": 75.998726,
      "city": "Kottakkal",
      "state": "Tamil Nadu",
      "street": "Calicut-Valanchery-Kuttipuram Highway",
      "postal_code": "676501",
      "country": "IND",
      "type": "G60",
      "camera_type": "G",
      "speed_limit": "60",
      "direction": "85",
      "status": "A",
      "rotatable": true,
      "gps_status": "+"
    },
    {
      "id": 185429,
      "latitude": 10.983758,
      "longitude": 75.998528,
      "city": "Kottakkal",
      "state": "Tamil Nadu",
      "street": "Calicut-Valanchery-Kuttipuram Highway",
      "postal_code": "676501",
      "country": "IND",
      "type": "G60",
      "camera_type": "G",
      "speed_limit": "60",
      "direction": "345",
      "status": "A",
      "rotatable": true,
      "gps_status": "+"
    },
    {
      "id": 185426,
      "latitude": 10.987116,
      "longitude": 75.994713,
      "city": "Kottakkal",
      "state": "Tamil Nadu",
      "street": "Calicut-Valanchery-Kuttipuram Highway",
      "postal_code": "676501",
      "country": "IND",
      "type": "G80",
      "camera_type": "G",
      "speed_limit": "80",
      "direction": "50",
      "status": "A",
      "rotatable": true,
      "gps_status": "+"
    },
    {
      "id": 185497,
      "latitude": 10.986931,
      "longitude": 76.107399,
      "city": "Padapparamba",
      "state": "Tamil Nadu",
      "street": "Kottakal Perinthalmanna Road",
      "postal_code": "676504",
      "country": "IND",
      "type": "G50",
      "camera_type": "G",
      "speed_limit": "50",
      "direction": "245",
      "status": "A",
      "rotatable": true,
      "gps_status": "+"
    },
    {
      "id": 185857,
      "latitude": 10.975831,
      "longitude": 76.212379,
      "city": "Perinthalmanna",
      "state": "Tamil Nadu",
      "street": "Calicut-Malappuram-Palakkad Road",
      "postal_code": "679322",
      "country": "IND",
      "type": "G50",
      "camera_type": "G",
      "speed_limit": "50",
      "direction": "270",
      "status": "A",
      "rotatable": true,
      "gps_status": "+"
    },
    {
      "id": 185511,
      "latitude": 10.974219,
      "longitude": 76.236595,
      "city": "Perinthalmanna",
      "state": "Tamil Nadu",
      "street": "Calicut-Malappuram-Palakkad Road",
      "postal_code": "679322",
      "country": "IND",
      "type": "G70",
      "camera_type": "G",
      "speed_limit": "70",
      "direction": "290",
      "status": "A",
      "rotatable": true,
      "gps_status": "+"
    },
    {
      "id": 185424,
      "latitude": 10.991887,
      "longitude": 75.97979,
      "city": "Kerala",
      "state": "Tamil Nadu",
      "street": "Tirur - Malappuram - Manjeri Road",
      "postal_code": "676501",
      "country": "IND",
      "type": "G80",
      "camera_type": "G",
      "speed_limit": "80",
      "direction": "230",
      "status": "A",
      "rotatable": true,
      "gps_status": "+"
    },
    {
      "id": 197797,
      "latitude": 10.99977,
      "longitude": 76.085327,
      "city": "Mundiyanthara",
      "state": "Tamil Nadu",
      "street": "Kottakkal - Perintalmanna",
      "postal_code": "676503",
      "country": "IND",
      "type": "G50",
      "camera_type": "G",
      "speed_limit": "50",
      "direction": "275",
      "status": "A",
      "rotatable": true,
      "gps_status": "+"
    },
    {
      "id": 194507,
      "latitude": 10.990884,
      "longitude": 76.176201,
      "city": "Pariyapuram",
      "state": "Tamil Nadu",
      "street": "Calicut-Malappuram-Palakkad Highway",
      "postal_code": "679321",
      "country": "IND",
      "type": "G80",
      "camera_type": "G",
      "speed_limit": "80",
      "direction": "275",
      "status": "A",
      "rotatable": true,
      "gps_status": "+"
    },
    {
      "id": 176728,
      "latitude": 10.995751,
      "longitude": 76.222565,
      "city": "Kerala",
      "state": "Tamil Nadu",
      "street": "Perumbilavu-Nilambur Road",
      "postal_code": "676325",
      "country": "IND",
      "type": "G40",
      "camera_type": "G",
      "speed_limit": "40",
      "direction": "165",
      "status": "A",
      "rotatable": true,
      "gps_status": "+"
    },
    {
      "id": 194479,
      "latitude": 11.006834,
      "longitude": 76.35125,
      "city": "Alanallur",
      "state": "Tamil Nadu",
      "street": "Alanallur-Mannarkkad Road",
      "postal_code": "678601",
      "country": "IND",
      "type": "G50",
      "camera_type": "G",
      "speed_limit": "50",
      "direction": "80",
      "status": "A",
      "rotatable": true,
      "gps_status": "+"
    },
    {
      "id": 185270,
      "latitude": 10.996798,
      "longitude": 76.469444,
      "city": "Kerala",
      "state": "Tamil Nadu",
      "street": "Mannarkkad-Aanakkati Road",
      "postal_code": "678761",
      "country": "IND",
      "type": "G40",
      "camera_type": "G",
      "speed_limit": "40",
      "direction": "220",
      "status": "A",
      "rotatable": true,
      "gps_status": "+"
    },
    {
      "id": 185268,
      "latitude": 10.998645,
      "longitude": 76.470184,
      "city": "Kerala",
      "state": "Tamil Nadu",
      "street": "Mannarkkad-Aanakkati Road",
      "postal_code": "678761",
      "country": "IND",
      "type": "G40",
      "camera_type": "G",
      "speed_limit": "40",
      "direction": "345",
      "status": "A",
      "rotatable": true,
      "gps_status": "+"
    },
    {
      "id": 184773,
      "latitude": 10.994353,
      "longitude": 76.967255,
      "city": "Tamil Nadu",
      "state": "Tamil Nadu",
      "street": "Big Bazzar Street",
      "postal_code": "641001",
      "country": "IND",
      "type": "A",
      "camera_type": "A",
      "speed_limit": "/",
      "direction": "90",
      "status": "A",
      "rotatable": true,
      "gps_status": "+"
    },
    {
      "id": 184771,
      "latitude": 11.002502,
      "longitude": 76.968178,
      "city": "Coimbatore",
      "state": "Tamil Nadu",
      "street": "unknown",
      "postal_code": "641001",
      "country": "IND",
      "type": "A",
      "camera_type": "A",
      "speed_limit": "/",
      "direction": "145",
      "status": "A",
      "rotatable": true,
      "gps_status": "+"
    },
    {
      "id": 184768,
      "latitude": 11.002626,
      "longitude": 76.968483,
      "city": "Coimbatore",
      "state": "Tamil Nadu",
      "street": "unknown",
      "postal_code": "641001",
      "country": "IND",
      "type": "A",
      "camera_type": "A",
      "speed_limit": "/",
      "direction": "330",
      "status": "A",
      "rotatable": true,
      "gps_status": "+"
    },
    {
      "id": 184769,
      "latitude": 11.00266,
      "longitude": 76.967995,
      "city": "Coimbatore",
      "state": "Tamil Nadu",
      "street": "unknown",
      "postal_code": "641001",
      "country": "IND",
      "type": "A",
      "camera_type": "A",
      "speed_limit": "/",
      "direction": "25",
      "status": "A",
      "rotatable": true,
      "gps_status": "+"
    },
    {
      "id": 184770,
      "latitude": 11.002836,
      "longitude": 76.9683,
      "city": "Coimbatore",
      "state": "Tamil Nadu",
      "street": "unknown",
      "postal_code": "641001",
      "country": "IND",
      "type": "A",
      "camera_type": "A",
      "speed_limit": "/",
      "direction": "205",
      "status": "A",
      "rotatable": true,
      "gps_status": "+"
    },
    {
      "id": 194394,
      "latitude": 11.007017,
      "longitude": 76.960571,
      "city": "Coimbatore",
      "state": "Tamil Nadu",
      "street": "AT Devaraja Mudaliar Road",
      "postal_code": "641001",
      "country": "IND",
      "type": "A",
      "camera_type": "A",
      "speed_limit": "/",
      "direction": "195",
      "status": "A",
      "rotatable": true,
      "gps_status": "+"
    },
    {
      "id": 184772,
      "latitude": 11.008758,
      "longitude": 76.967178,
      "city": "Coimbatore",
      "state": "Tamil Nadu",
      "street": "Dr Nanjappa Road",
      "postal_code": "641001",
      "country": "IND",
      "type": "G30",
      "camera_type": "G",
      "speed_limit": "30",
      "direction": "285",
      "status": "A",
      "rotatable": true,
      "gps_status": "+"
    },
    {
      "id": 184787,
      "latitude": 10.994896,
      "longitude": 76.971481,
      "city": "Coimbatore",
      "state": "Tamil Nadu",
      "street": "Arts College Road",
      "postal_code": "641001",
      "country": "IND",
      "type": "A",
      "camera_type": "A",
      "speed_limit": "/",
      "direction": "80",
      "status": "A",
      "rotatable": true,
      "gps_status": "+"
    },
    {
      "id": 184741,
      "latitude": 11.003817,
      "longitude": 76.972221,
      "city": "Coimbatore",
      "state": "Tamil Nadu",
      "street": "Avinashi Road",
      "postal_code": "641001",
      "country": "IND",
      "type": "A",
      "camera_type": "A",
      "speed_limit": "/",
      "direction": "60",
      "status": "A",
      "rotatable": true,
      "gps_status": "+"
    },
    {
      "id": 184740,
      "latitude": 11.004013,
      "longitude": 76.972824,
      "city": "Coimbatore",
      "state": "Tamil Nadu",
      "street": "Avinashi Road",
      "postal_code": "641001",
      "country": "IND",
      "type": "A",
      "camera_type": "A",
      "speed_limit": "/",
      "direction": "110",
      "status": "A",
      "rotatable": true,
      "gps_status": "+"
    },
    {
      "id": 194392,
      "latitude": 11.005255,
      "longitude": 76.974876,
      "city": "Coimbatore",
      "state": "Tamil Nadu",
      "street": "Avinashi Road",
      "postal_code": "641001",
      "country": "IND",
      "type": "A",
      "camera_type": "A",
      "speed_limit": "/",
      "direction": "315",
      "status": "A",
      "rotatable": true,
      "gps_status": "+"
    },
    {
      "id": 194393,
      "latitude": 11.005401,
      "longitude": 76.974838,
      "city": "Coimbatore",
      "state": "Tamil Nadu",
      "street": "Avinashi Road",
      "postal_code": "641001",
      "country": "IND",
      "type": "A",
      "camera_type": "A",
      "speed_limit": "/",
      "direction": "250",
      "status": "A",
      "rotatable": true,
      "gps_status": "+"
    },
    {
      "id": 184662,
      "latitude": 10.996986,
      "longitude": 76.996056,
      "city": "Coimbatore",
      "state": "Tamil Nadu",
      "street": "NH181",
      "postal_code": "641001",
      "country": "IND",
      "type": "A",
      "camera_type": "A",
      "speed_limit": "/",
      "direction": "285",
      "status": "A",
      "rotatable": true,
      "gps_status": "-"
    },
    {
      "id": 185433,
      "latitude": 11.015836,
      "longitude": 76.014908,
      "city": "Othukungal",
      "state": "Tamil Nadu",
      "street": "Tirur - Malappuram - Manjeri Road",
      "postal_code": "676528",
      "country": "IND",
      "type": "G80",
      "camera_type": "G",
      "speed_limit": "80",
      "direction": "65",
      "status": "A",
      "rotatable": true,
      "gps_status": "+"
    },
    {
      "id": 185501,
      "latitude": 11.027813,
      "longitude": 76.169624,
      "city": "Kerala",
      "state": "Tamil Nadu",
      "street": "Manjeri - Perinthalmanna Road",
      "postal_code": "679324",
      "country": "IND",
      "type": "G50",
      "camera_type": "G",
      "speed_limit": "50",
      "direction": "50",
      "status": "A",
      "rotatable": true,
      "gps_status": "+"
    },
    {
      "id": 184983,
      "latitude": 11.011971,
      "longitude": 76.947487,
      "city": "Tamil Nadu",
      "state": "Tamil Nadu",
      "street": "East Venkataswamy Road",
      "postal_code": "641002",
      "country": "IND",
      "type": "G40",
      "camera_type": "G",
      "speed_limit": "40",
      "direction": "55",
      "status": "A",
      "rotatable": true,
      "gps_status": "-"
    },
    {
      "id": 184994,
      "latitude": 11.013721,
      "longitude": 76.942009,
      "city": "Coimbatore",
      "state": "Tamil Nadu",
      "street": "Cowley Brown Rd",
      "postal_code": "641002",
      "country": "IND",
      "type": "G40",
      "camera_type": "G",
      "speed_limit": "40",
      "direction": "70",
      "status": "A",
      "rotatable": true,
      "gps_status": "-"
    },
    {
      "id": 184794,
      "latitude": 11.010836,
      "longitude": 76.955032,
      "city": "Tamil Nadu",
      "state": "Tamil Nadu",
      "street": "Mettupalayam Road",
      "postal_code": "641002",
      "country": "IND",
      "type": "A",
      "camera_type": "A",
      "speed_limit": "/",
      "direction": "160",
      "status": "A",
      "rotatable": true,
      "gps_status": "+"
    },
    {
      "id": 184795,
      "latitude": 11.010911,
      "longitude": 76.954964,
      "city": "Tamil Nadu",
      "state": "Tamil Nadu",
      "street": "Mettupalayam Road",
      "postal_code": "641002",
      "country": "IND",
      "type": "A",
      "camera_type": "A",
      "speed_limit": "/",
      "direction": "95",
      "status": "A",
      "rotatable": true,
      "gps_status": "+"
    },
    {
      "id": 184790,
      "latitude": 11.010911,
      "longitude": 76.955231,
      "city": "Tamil Nadu",
      "state": "Tamil Nadu",
      "street": "Mettupalayam Road",
      "postal_code": "641002",
      "country": "IND",
      "type": "A",
      "camera_type": "A",
      "speed_limit": "/",
      "direction": "35",
      "status": "A",
      "rotatable": true,
      "gps_status": "+"
    },
    {
      "id": 184793,
      "latitude": 11.011036,
      "longitude": 76.955093,
      "city": "Tamil Nadu",
      "state": "Tamil Nadu",
      "street": "Mettupalayam Road",
      "postal_code": "641002",
      "country": "IND",
      "type": "A",
      "camera_type": "A",
      "speed_limit": "/",
      "direction": "190",
      "status": "A",
      "rotatable": true,
      "gps_status": "+"
    },
    {
      "id": 184976,
      "latitude": 11.01121,
      "longitude": 76.957039,
      "city": "Coimbatore",
      "state": "Tamil Nadu",
      "street": "Krishnasamy Road",
      "postal_code": "641002",
      "country": "IND",
      "type": "G50",
      "camera_type": "G",
      "speed_limit": "50",
      "direction": "45",
      "status": "A",
      "rotatable": true,
      "gps_status": "+"
    },
    {
      "id": 184763,
      "latitude": 11.016954,
      "longitude": 76.968796,
      "city": "Coimbatore",
      "state": "Tamil Nadu",
      "street": "North Coimbatore - Ramanathapuram - Chettipalayam Road",
      "postal_code": "641001",
      "country": "IND",
      "type": "A",
      "camera_type": "A",
      "speed_limit": "/",
      "direction": "265",
      "status": "A",
      "rotatable": true,
      "gps_status": "+"
    },
    {
      "id": 184765,
      "latitude": 11.016985,
      "longitude": 76.968498,
      "city": "Coimbatore",
      "state": "Tamil Nadu",
      "street": "North Coimbatore - Ramanathapuram - Chettipalayam Road",
      "postal_code": "641001",
      "country": "IND",
      "type": "A",
      "camera_type": "A",
      "speed_limit": "/",
      "direction": "280",
      "status": "A",
      "rotatable": true,
      "gps_status": "+"
    },
    {
      "id": 184767,
      "latitude": 11.017128,
      "longitude": 76.968842,
      "city": "Coimbatore",
      "state": "Tamil Nadu",
      "street": "North Coimbatore - Ramanathapuram - Chettipalayam Road",
      "postal_code": "641001",
      "country": "IND",
      "type": "A",
      "camera_type": "A",
      "speed_limit": "/",
      "direction": "175",
      "status": "A",
      "rotatable": true,
      "gps_status": "+"
    },
    {
      "id": 184801,
      "latitude": 11.01987,
      "longitude": 76.952934,
      "city": "Coimbatore",
      "state": "Tamil Nadu",
      "street": "Mettupalayam Road",
      "postal_code": "641001",
      "country": "IND",
      "type": "A",
      "camera_type": "A",
      "speed_limit": "/",
      "direction": "40",
      "status": "A",
      "rotatable": true,
      "gps_status": "+"
    },
    {
      "id": 184800,
      "latitude": 11.01992,
      "longitude": 76.953056,
      "city": "Coimbatore",
      "state": "Tamil Nadu",
      "street": "Mettupalayam Road",
      "postal_code": "641001",
      "country": "IND",
      "type": "A",
      "camera_type": "A",
      "speed_limit": "/",
      "direction": "180",
      "status": "A",
      "rotatable": true,
      "gps_status": "+"
    },
    {
      "id": 185815,
      "latitude": 11.022928,
      "longitude": 76.951736,
      "city": "Coimbatore",
      "state": "Tamil Nādu",
      "street": "Mettupalayam Road 359",
      "postal_code": "641011",
      "country": "IND",
      "type": "A",
      "camera_type": "A",
      "speed_limit": "/",
      "direction": "165",
      "status": "A",
      "rotatable": true,
      "gps_status": "+"
    },
    {
      "id": 185816,
      "latitude": 11.026725,
      "longitude": 76.951302,
      "city": "Coimbatore",
      "state": "Tamil Nadu",
      "street": "Mettupalayam Road",
      "postal_code": "641001",
      "country": "IND",
      "type": "A",
      "camera_type": "A",
      "speed_limit": "/",
      "direction": "200",
      "status": "A",
      "rotatable": true,
      "gps_status": "+"
    },
    {
      "id": 194385,
      "latitude": 11.010398,
      "longitude": 76.982025,
      "city": "Coimbatore",
      "state": "Tamil Nadu",
      "street": "Avinashi Road",
      "postal_code": "641001",
      "country": "IND",
      "type": "A",
      "camera_type": "A",
      "speed_limit": "/",
      "direction": "20",
      "status": "A",
      "rotatable": true,
      "gps_status": "+"
    },
    {
      "id": 194386,
      "latitude": 11.010598,
      "longitude": 76.982132,
      "city": "Coimbatore",
      "state": "Tamil Nadu",
      "street": "Avinashi Road",
      "postal_code": "641001",
      "country": "IND",
      "type": "A",
      "camera_type": "A",
      "speed_limit": "/",
      "direction": "10",
      "status": "A",
      "rotatable": true,
      "gps_status": "+"
    },
    {
      "id": 184672,
      "latitude": 11.012914,
      "longitude": 76.985985,
      "city": "Coimbatore",
      "state": "Tamil Nadu",
      "street": "Avinashi Road",
      "postal_code": "641001",
      "country": "IND",
      "type": "A",
      "camera_type": "A",
      "speed_limit": "/",
      "direction": "55",
      "status": "A",
      "rotatable": true,
      "gps_status": "+"
    },
    {
      "id": 184673,
      "latitude": 11.013095,
      "longitude": 76.986038,
      "city": "Coimbatore",
      "state": "Tamil Nadu",
      "street": "North Coimbatore - Ramanathapuram - Chettipalayam Road",
      "postal_code": "641001",
      "country": "IND",
      "type": "A",
      "camera_type": "A",
      "speed_limit": "/",
      "direction": "60",
      "status": "A",
      "rotatable": true,
      "gps_status": "+"
    },
    {
      "id": 184668,
      "latitude": 11.020087,
      "longitude": 76.992081,
      "city": "Coimbatore",
      "state": "Tamil Nadu",
      "street": "Way to Avarampalayam",
      "postal_code": "641001",
      "country": "IND",
      "type": "A",
      "camera_type": "A",
      "speed_limit": "/",
      "direction": "175",
      "status": "A",
      "rotatable": true,
      "gps_status": "+"
    },
    {
      "id": 184667,
      "latitude": 11.020183,
      "longitude": 76.992348,
      "city": "Tamil Nadu",
      "state": "Tamil Nadu",
      "street": "Avinashi Road",
      "postal_code": "641018",
      "country": "IND",
      "type": "A",
      "camera_type": "A",
      "speed_limit": "/",
      "direction": "110",
      "status": "A",
      "rotatable": true,
      "gps_status": "+"
    },
    {
      "id": 220090,
      "latitude": 11.042697,
      "longitude": 75.861214,
      "city": "Parappanangadi",
      "state": "Tamil Nadu",
      "street": "Chamravattam - Tirur - Kozhikkode Road",
      "postal_code": "676303",
      "country": "IND",
      "type": "G40",
      "camera_type": "G",
      "speed_limit": "40",
      "direction": "200",
      "status": "A",
      "rotatable": true,
      "gps_status": "+"
    },
    {
      "id": 220089,
      "latitude": 11.041813,
      "longitude": 75.898422,
      "city": "pathoor main town",
      "state": "Tamil Nadu",
      "street": "Parappanangadi - Areacode Road",
      "postal_code": "676306",
      "country": "IND",
      "type": "G50",
      "camera_type": "G",
      "speed_limit": "50",
      "direction": "330",
      "status": "A",
      "rotatable": true,
      "gps_status": "+"
    },
    {
      "id": 185453,
      "latitude": 11.03901,
      "longitude": 76.069061,
      "city": "Malappuram",
      "state": "Tamil Nadu",
      "street": "Tirur - Malappuram - Manjeri Road",
      "postal_code": "676505",
      "country": "IND",
      "type": "G80",
      "camera_type": "G",
      "speed_limit": "80",
      "direction": "345",
      "status": "A",
      "rotatable": true,
      "gps_status": "+"
    },
    {
      "id": 194515,
      "latitude": 11.034143,
      "longitude": 76.101486,
      "city": "Malappuram",
      "state": "Tamil Nadu",
      "street": "Calicut-Malappuram-Perinthalmanna Highway",
      "postal_code": "676500",
      "country": "IND",
      "type": "G80",
      "camera_type": "G",
      "speed_limit": "80",
      "direction": "50",
      "status": "A",
      "rotatable": true,
      "gps_status": "+"
    },
    {
      "id": 194390,
      "latitude": 11.030593,
      "longitude": 76.975784,
      "city": "Coimbatore",
      "state": "Tamil Nadu",
      "street": "Sathy Main Road",
      "postal_code": "641001",
      "country": "IND",
      "type": "A",
      "camera_type": "A",
      "speed_limit": "/",
      "direction": "180",
      "status": "A",
      "rotatable": true,
      "gps_status": "-"
    },
    {
      "id": 194388,
      "latitude": 11.030618,
      "longitude": 76.975754,
      "city": "Coimbatore",
      "state": "Tamil Nadu",
      "street": "Sathy Main Road",
      "postal_code": "641001",
      "country": "IND",
      "type": "A",
      "camera_type": "A",
      "speed_limit": "/",
      "direction": "325",
      "status": "A",
      "rotatable": true,
      "gps_status": "+"
    },
    {
      "id": 194387,
      "latitude": 11.036202,
      "longitude": 76.978363,
      "city": "Coimbatore",
      "state": "Tamil Nadu",
      "street": "Sakthi Main Road",
      "postal_code": "641001",
      "country": "IND",
      "type": "G50",
      "camera_type": "G",
      "speed_limit": "50",
      "direction": "155",
      "status": "A",
      "rotatable": true,
      "gps_status": "+"
    },
    {
      "id": 184713,
      "latitude": 11.041576,
      "longitude": 76.983231,
      "city": "Coimbatore",
      "state": "Tamil Nadu",
      "street": "Sakthi Main Road",
      "postal_code": "641001",
      "country": "IND",
      "type": "G30",
      "camera_type": "G",
      "speed_limit": "30",
      "direction": "50",
      "status": "A",
      "rotatable": true,
      "gps_status": "+"
    },
    {
      "id": 184675,
      "latitude": 11.044475,
      "longitude": 76.985481,
      "city": "Coimbatore",
      "state": "Tamil Nadu",
      "street": "Sakthi Main Road",
      "postal_code": "641001",
      "country": "IND",
      "type": "G40",
      "camera_type": "G",
      "speed_limit": "40",
      "direction": "350",
      "status": "A",
      "rotatable": true,
      "gps_status": "+"
    },
    {
      "id": 184674,
      "latitude": 11.044883,
      "longitude": 76.985741,
      "city": "Coimbatore",
      "state": "Tamil Nadu",
      "street": "Sakthi Main Road",
      "postal_code": "641001",
      "country": "IND",
      "type": "G40",
      "camera_type": "G",
      "speed_limit": "40",
      "direction": "45",
      "status": "A",
      "rotatable": true,
      "gps_status": "-"
    },
    {
      "id": 219951,
      "latitude": 11.052225,
      "longitude": 75.99221,
      "city": "Malappuram",
      "state": "Tamil Nadu",
      "street": "Malappurram - Parappnangadi Road",
      "postal_code": "676519",
      "country": "IND",
      "type": "G40",
      "camera_type": "G",
      "speed_limit": "40",
      "direction": "215",
      "status": "A",
      "rotatable": true,
      "gps_status": "+"
    },
    {
      "id": 185463,
      "latitude": 11.064,
      "longitude": 76.077797,
      "city": "Malappuram",
      "state": "Tamil Nadu",
      "street": "Calicut-Malappuram-Palakkad Highway NH 966",
      "postal_code": "673642",
      "country": "IND",
      "type": "G80",
      "camera_type": "G",
      "speed_limit": "80",
      "direction": "145",
      "status": "A",
      "rotatable": true,
      "gps_status": "+"
    },
    {
      "id": 219950,
      "latitude": 11.079687,
      "longitude": 75.950005,
      "city": "Kerala",
      "state": "Tamil Nadu",
      "street": "Kunnumpuram - Kakkad Road",
      "postal_code": "676508",
      "country": "IND",
      "type": "G40",
      "camera_type": "G",
      "speed_limit": "40",
      "direction": "305",
      "status": "A",
      "rotatable": true,
      "gps_status": "+"
    },
    {
      "id": 184658,
      "latitude": 11.072811,
      "longitude": 77.002083,
      "city": "Coimbatore",
      "state": "Tamil Nadu",
      "street": "NH948",
      "postal_code": "641001",
      "country": "IND",
      "type": "G40",
      "camera_type": "G",
      "speed_limit": "40",
      "direction": "100",
      "status": "A",
      "rotatable": true,
      "gps_status": "-"
    },
    {
      "id": 185516,
      "latitude": 11.108079,
      "longitude": 76.122116,
      "city": "Manjeri",
      "state": "Tamil Nadu",
      "street": "Tirur - Malappuram - Manjeri Road",
      "postal_code": "676121",
      "country": "IND",
      "type": "G50",
      "camera_type": "G",
      "speed_limit": "50",
      "direction": "170",
      "status": "A",
      "rotatable": true,
      "gps_status": "+"
    },
    {
      "id": 185490,
      "latitude": 11.103571,
      "longitude": 76.230072,
      "city": "Kerala",
      "state": "Tamil Nadu",
      "street": "Valanchery - Nilambur Road",
      "postal_code": "676521",
      "country": "IND",
      "type": "G80",
      "camera_type": "G",
      "speed_limit": "80",
      "direction": "60",
      "status": "A",
      "rotatable": true,
      "gps_status": "+"
    },
    {
      "id": 204914,
      "latitude": 11.097174,
      "longitude": 77.15567,
      "city": "Tamil Nadu",
      "state": "Tamil Nadu",
      "street": "NH544",
      "postal_code": "641407",
      "country": "IND",
      "type": "G80",
      "camera_type": "G",
      "speed_limit": "80",
      "direction": "320",
      "status": "A",
      "rotatable": true,
      "gps_status": "+"
    },
    {
      "id": 185447,
      "latitude": 11.1273,
      "longitude": 76.0476,
      "city": "Kerala",
      "state": "Tamil Nadu",
      "street": "Kozhikode - Nilmbur - Gudallur Road",
      "postal_code": "673642",
      "country": "IND",
      "type": "G50",
      "camera_type": "G",
      "speed_limit": "50",
      "direction": "250",
      "status": "A",
      "rotatable": true,
      "gps_status": "+"
    },
    {
      "id": 185506,
      "latitude": 11.119158,
      "longitude": 76.112045,
      "city": "Manjeri",
      "state": "Tamil Nadu",
      "street": "Manjery Byepass Road",
      "postal_code": "676121",
      "country": "IND",
      "type": "G50",
      "camera_type": "G",
      "speed_limit": "50",
      "direction": "115",
      "status": "A",
      "rotatable": true,
      "gps_status": "+"
    },
    {
      "id": 219315,
      "latitude": 11.140722,
      "longitude": 75.976456,
      "city": "Malappuram",
      "state": "Tamil Nadu",
      "street": "Calicut-Malappuram-Palakkad Highway NH 966",
      "postal_code": "673642",
      "country": "IND",
      "type": "G40",
      "camera_type": "G",
      "speed_limit": "40",
      "direction": "115",
      "status": "A",
      "rotatable": true,
      "gps_status": "+"
    },
    {
      "id": 185510,
      "latitude": 11.130505,
      "longitude": 76.114403,
      "city": "Kerala",
      "state": "Tamil Nadu",
      "street": "Kozhikode - Nilmbur - Gudallur Road",
      "postal_code": "676121",
      "country": "IND",
      "type": "G50",
      "camera_type": "G",
      "speed_limit": "50",
      "direction": "285",
      "status": "A",
      "rotatable": true,
      "gps_status": "+"
    },
    {
      "id": 219128,
      "latitude": 11.178111,
      "longitude": 75.879349,
      "city": "Kondotty",
      "state": "Tamil Nadu",
      "street": "Calicut-Malappuram-Palakkad Highway NH 966",
      "postal_code": "673637",
      "country": "IND",
      "type": "G60",
      "camera_type": "G",
      "speed_limit": "60",
      "direction": "175",
      "status": "A",
      "rotatable": true,
      "gps_status": "+"
    },
    {
      "id": 219129,
      "latitude": 11.1806,
      "longitude": 75.885201,
      "city": "Kondotty",
      "state": "Tamil Nadu",
      "street": "Calicut-Malappuram-Palakkad Highway NH 966",
      "postal_code": "673637",
      "country": "IND",
      "type": "G40",
      "camera_type": "G",
      "speed_limit": "40",
      "direction": "145",
      "status": "A",
      "rotatable": true,
      "gps_status": "+"
    },
    {
      "id": 185492,
      "latitude": 11.209101,
      "longitude": 76.226173,
      "city": "Wandoor",
      "state": "Tamil Nadu",
      "street": "wandoor - Nilambur Road",
      "postal_code": "679328",
      "country": "IND",
      "type": "G80",
      "camera_type": "G",
      "speed_limit": "80",
      "direction": "180",
      "status": "A",
      "rotatable": true,
      "gps_status": "+"
    },
    {
      "id": 194511,
      "latitude": 11.222878,
      "longitude": 76.146187,
      "city": "Edavanna",
      "state": "Tamil Nadu",
      "street": "Kozhikode - Nilmbur - Gudallur Road",
      "postal_code": "676541",
      "country": "IND",
      "type": "G80",
      "camera_type": "G",
      "speed_limit": "80",
      "direction": "45",
      "status": "A",
      "rotatable": true,
      "gps_status": "+"
    },
    {
      "id": 219944,
      "latitude": 11.236476,
      "longitude": 75.868004,
      "city": "Kozhikode",
      "state": "Tamil Nadu",
      "street": "Perumanna Road",
      "postal_code": "673027",
      "country": "IND",
      "type": "G40",
      "camera_type": "G",
      "speed_limit": "40",
      "direction": "240",
      "status": "A",
      "rotatable": true,
      "gps_status": "+"
    },
    {
      "id": 219220,
      "latitude": 11.245555,
      "longitude": 75.974052,
      "city": "Kerala",
      "state": "Tamil Nadu",
      "street": "Kavanakkallu-Areekode Road",
      "postal_code": "673649",
      "country": "IND",
      "type": "G40",
      "camera_type": "G",
      "speed_limit": "40",
      "direction": "145",
      "status": "A",
      "rotatable": true,
      "gps_status": "+"
    },
    {
      "id": 185444,
      "latitude": 11.239753,
      "longitude": 76.046631,
      "city": "Kerala",
      "state": "Tamil Nadu",
      "street": "Quilandy - Thamarassery - Edavanna Road",
      "postal_code": "673639",
      "country": "IND",
      "type": "G50",
      "camera_type": "G",
      "speed_limit": "50",
      "direction": "180",
      "status": "A",
      "rotatable": true,
      "gps_status": "+"
    },
    {
      "id": 219949,
      "latitude": 11.266703,
      "longitude": 75.88427,
      "city": "Kozhikode",
      "state": "Tamil Nadu",
      "street": "Mavoor-Medical College Road",
      "postal_code": "673008",
      "country": "IND",
      "type": "G40",
      "camera_type": "G",
      "speed_limit": "40",
      "direction": "280",
      "status": "A",
      "rotatable": true,
      "gps_status": "+"
    },
    {
      "id": 174821,
      "latitude": 11.269592,
      "longitude": 76.017059,
      "city": "Kerala",
      "state": "Tamil Nadu",
      "street": "koyilandy -gudallur - edavanna road",
      "postal_code": "673602",
      "country": "IND",
      "type": "G50",
      "camera_type": "G",
      "speed_limit": "50",
      "direction": "85",
      "status": "A",
      "rotatable": true,
      "gps_status": "+"
    },
    {
      "id": 180766,
      "latitude": 11.283874,
      "longitude": 76.237091,
      "city": "Nilambur",
      "state": "Kerala",
      "street": "28 Valanchery - Nilambur Road",
      "postal_code": "679330",
      "country": "IND",
      "type": "G40",
      "camera_type": "G",
      "speed_limit": "40",
      "direction": "230",
      "status": "A",
      "rotatable": true,
      "gps_status": "-"
    },
    {
      "id": 219943,
      "latitude": 11.304264,
      "longitude": 75.872177,
      "city": "Kozhikode",
      "state": "Tamil Nadu",
      "street": "Kozhikode-Wayand Road",
      "postal_code": "673571",
      "country": "IND",
      "type": "G40",
      "camera_type": "G",
      "speed_limit": "40",
      "direction": "300",
      "status": "A",
      "rotatable": true,
      "gps_status": "+"
    },
    {
      "id": 219946,
      "latitude": 11.30614,
      "longitude": 75.878754,
      "city": "Kozhikode",
      "state": "Tamil Nadu",
      "street": "NH766",
      "postal_code": "673571",
      "country": "IND",
      "type": "G40",
      "camera_type": "G",
      "speed_limit": "40",
      "direction": "220",
      "status": "A",
      "rotatable": true,
      "gps_status": "+"
    },
    {
      "id": 219945,
      "latitude": 11.306553,
      "longitude": 75.87925,
      "city": "Kozhikode",
      "state": "Tamil Nadu",
      "street": "NH766",
      "postal_code": "673571",
      "country": "IND",
      "type": "G40",
      "camera_type": "G",
      "speed_limit": "40",
      "direction": "35",
      "status": "A",
      "rotatable": true,
      "gps_status": "+"
    },
    {
      "id": 219614,
      "latitude": 11.318907,
      "longitude": 75.94088,
      "city": "Kerala",
      "state": "Tamil Nadu",
      "street": "unknown",
      "postal_code": "673601",
      "country": "IND",
      "type": "G50",
      "camera_type": "G",
      "speed_limit": "50",
      "direction": "150",
      "status": "A",
      "rotatable": true,
      "gps_status": "+"
    },
    {
      "id": 219613,
      "latitude": 11.317624,
      "longitude": 75.996368,
      "city": "Mukkam",
      "state": "Tamil Nadu",
      "street": "unknown",
      "postal_code": "673602",
      "country": "IND",
      "type": "G80",
      "camera_type": "G",
      "speed_limit": "80",
      "direction": "5",
      "status": "A",
      "rotatable": true,
      "gps_status": "+"
    },
    {
      "id": 219462,
      "latitude": 11.333362,
      "longitude": 75.892105,
      "city": "Kozhikode",
      "state": "Tamil Nadu",
      "street": "NH766",
      "postal_code": "673571",
      "country": "IND",
      "type": "G40",
      "camera_type": "G",
      "speed_limit": "40",
      "direction": "325",
      "status": "A",
      "rotatable": true,
      "gps_status": "+"
    },
    {
      "id": 219461,
      "latitude": 11.345014,
      "longitude": 75.900291,
      "city": "Kerala",
      "state": "Tamil Nadu",
      "street": "NH766",
      "postal_code": "673571",
      "country": "IND",
      "type": "G40",
      "camera_type": "G",
      "speed_limit": "40",
      "direction": "100",
      "status": "A",
      "rotatable": true,
      "gps_status": "+"
    },
    {
      "id": 219460,
      "latitude": 11.366874,
      "longitude": 75.862137,
      "city": "Kerala",
      "state": "Tamil Nadu",
      "street": "Kappad - Thusharagiri - Adivaram road",
      "postal_code": "673585",
      "country": "IND",
      "type": "G40",
      "camera_type": "G",
      "speed_limit": "40",
      "direction": "210",
      "status": "A",
      "rotatable": true,
      "gps_status": "+"
    },
    {
      "id": 219611,
      "latitude": 11.368458,
      "longitude": 75.929718,
      "city": "Koduvally",
      "state": "Tamil Nadu",
      "street": "Koduvally-Omassery Road",
      "postal_code": "673572",
      "country": "IND",
      "type": "G80",
      "camera_type": "G",
      "speed_limit": "80",
      "direction": "195",
      "status": "A",
      "rotatable": true,
      "gps_status": "+"
    },
    {
      "id": 219661,
      "latitude": 11.3698,
      "longitude": 75.959099,
      "city": "Omassery",
      "state": "Tamil Nadu",
      "street": "Quilandy - Thamarassery - Edavanna Road",
      "postal_code": "673582",
      "country": "IND",
      "type": "G40",
      "camera_type": "G",
      "speed_limit": "40",
      "direction": "90",
      "status": "A",
      "rotatable": true,
      "gps_status": "+"
    },
    {
      "id": 220463,
      "latitude": 11.38745,
      "longitude": 76.354416,
      "city": "Punnakkal",
      "state": "Tamil Nadu",
      "street": "Kozhikode - Nilmbur - Gudallur Road",
      "postal_code": "679333",
      "country": "IND",
      "type": "G40",
      "camera_type": "G",
      "speed_limit": "40",
      "direction": "10",
      "status": "A",
      "rotatable": true,
      "gps_status": "-"
    },
    {
      "id": 219612,
      "latitude": 11.405058,
      "longitude": 75.929985,
      "city": "Thamarassery",
      "state": "Tamil Nadu",
      "street": "Kozhikode Wayanad Road",
      "postal_code": "673572",
      "country": "IND",
      "type": "G70",
      "camera_type": "G",
      "speed_limit": "70",
      "direction": "215",
      "status": "A",
      "rotatable": true,
      "gps_status": "+"
    },
    {
      "id": 220426,
      "latitude": 11.435855,
      "longitude": 75.902596,
      "city": "Kerala",
      "state": "Tamil Nadu",
      "street": "Quilandy - Thamarassery - Edavanna Road",
      "postal_code": "673612",
      "country": "IND",
      "type": "G80",
      "camera_type": "G",
      "speed_limit": "80",
      "direction": "100",
      "status": "A",
      "rotatable": true,
      "gps_status": "+"
    }
  ]
}