{
  "metadata": {
    "total_cameras": 217,
    "region": "Tamil Nadu",
    "country": "India",
    "extracted_at": "2026-01-28T20:05:11.391947",
    "source": "scdb.info",
    "scraping_method": "comprehensive_grid"
  },
  "cameras": [
    {
      "id": 185410,
      "latitude": 18.327299,
      "longitude": 73.851799,
      "city": "Maharashtra",
      "state": "Tamil Nadu",
      "street": "Pune Bengaluru Highway",
      "postal_code": "412205",
      "country": "IND",
      "type": "G40",
      "camera_type": "G",
      "speed_limit": "40",
      "direction": "260",
      "status": "A",
      "rotatable": true,
      "gps_status": "+"
    },
    {
      "id": 185411,
      "latitude": 18.327347,
      "longitude": 73.852028,
      "city": "Maharashtra",
      "state": "Tamil Nadu",
      "street": "Pune Bengaluru Highway",
      "postal_code": "412205",
      "country": "IND",
      "type": "CP",
      "camera_type": "CP",
      "speed_limit": "/",
      "direction": "70",
      "status": "A",
      "rotatable": true,
      "gps_status": "+"
    },
    {
      "id": 185413,
      "latitude": 18.331474,
      "longitude": 73.852448,
      "city": "Maharashtra",
      "state": "Tamil Nadu",
      "street": "Pune Bengaluru Highway",
      "postal_code": "412205",
      "country": "IND",
      "type": "CP",
      "camera_type": "CP",
      "speed_limit": "/",
      "direction": "175",
      "status": "A",
      "rotatable": true,
      "gps_status": "+"
    },
    {
      "id": 185412,
      "latitude": 18.331713,
      "longitude": 73.852875,
      "city": "Maharashtra",
      "state": "Tamil Nadu",
      "street": "Pune Bengaluru Highway",
      "postal_code": "412205",
      "country": "IND",
      "type": "G40",
      "camera_type": "G",
      "speed_limit": "40",
      "direction": "130",
      "status": "A",
      "rotatable": true,
      "gps_status": "+"
    },
    {
      "id": 185409,
      "latitude": 18.4198,
      "longitude": 73.846603,
      "city": "Dhayari",
      "state": "Tamil Nadu",
      "street": "Mumbai Pune Bypass Road",
      "postal_code": "411041",
      "country": "IND",
      "type": "G60",
      "camera_type": "G",
      "speed_limit": "60",
      "direction": "25",
      "status": "A",
      "rotatable": true,
      "gps_status": "-"
    },
    {
      "id": 185407,
      "latitude": 18.437099,
      "longitude": 73.838898,
      "city": "Dhayari",
      "state": "Tamil Nadu",
      "street": "Mumbai Pune Bypass Road",
      "postal_code": "411041",
      "country": "IND",
      "type": "G60",
      "camera_type": "G",
      "speed_limit": "60",
      "direction": "110",
      "status": "A",
      "rotatable": true,
      "gps_status": "+"
    },
    {
      "id": 185406,
      "latitude": 18.450212,
      "longitude": 73.831528,
      "city": "Dhayari",
      "state": "Tamil Nadu",
      "street": "Mumbai Pune Bypass Road",
      "postal_code": "411046",
      "country": "IND",
      "type": "G60",
      "camera_type": "G",
      "speed_limit": "60",
      "direction": "350",
      "status": "A",
      "rotatable": true,
      "gps_status": "+"
    },
    {
      "id": 194518,
      "latitude": 18.481989,
      "longitude": 73.802773,
      "city": "Pune City",
      "state": "Tamil Nadu",
      "street": "Mumbai Pune Bypass Road * Katraj-Dehu Rd Bypass",
      "postal_code": "411058",
      "country": "IND",
      "type": "G80",
      "camera_type": "G",
      "speed_limit": "80",
      "direction": "40",
      "status": "A",
      "rotatable": true,
      "gps_status": "+"
    },
    {
      "id": 194517,
      "latitude": 18.482046,
      "longitude": 73.802841,
      "city": "Pune City",
      "state": "Tamil Nadu",
      "street": "Mumbai Pune Bypass Road * Katraj-Dehu Rd Bypass",
      "postal_code": "411058",
      "country": "IND",
      "type": "G80",
      "camera_type": "G",
      "speed_limit": "80",
      "direction": "120",
      "status": "A",
      "rotatable": true,
      "gps_status": "+"
    },
    {
      "id": 219445,
      "latitude": 18.483854,
      "longitude": 73.809891,
      "city": "Pune",
      "state": "Tamil Nadu",
      "street": "Karve Road",
      "postal_code": "411058",
      "country": "IND",
      "type": "A",
      "camera_type": "A",
      "speed_limit": "/",
      "direction": "295",
      "status": "A",
      "rotatable": true,
      "gps_status": "+"
    },
    {
      "id": 219011,
      "latitude": 18.531635,
      "longitude": 73.830215,
      "city": "Pune",
      "state": "Mahārāshtra",
      "street": "Bharatiya Vidyabhavan Marg",
      "postal_code": "411016",
      "country": "IND",
      "type": "A",
      "camera_type": "A",
      "speed_limit": "/",
      "direction": "210",
      "status": "A",
      "rotatable": true,
      "gps_status": "+"
    },
    {
      "id": 220128,
      "latitude": 18.568594,
      "longitude": 73.766869,
      "city": "Pune",
      "state": "Tamil Nadu",
      "street": "Gopal Hari Deshmukh Marg",
      "postal_code": "511045",
      "country": "IND",
      "type": "G40",
      "camera_type": "G",
      "speed_limit": "40",
      "direction": "85",
      "status": "A",
      "rotatable": true,
      "gps_status": "+"
    },
    {
      "id": 194519,
      "latitude": 18.591442,
      "longitude": 73.757484,
      "city": "Hinjawadi",
      "state": "Tamil Nadu",
      "street": "Westerly Diversion",
      "postal_code": "411057",
      "country": "IND",
      "type": "G80",
      "camera_type": "G",
      "speed_limit": "80",
      "direction": "20",
      "status": "A",
      "rotatable": true,
      "gps_status": "+"
    },
    {
      "id": 194520,
      "latitude": 18.592388,
      "longitude": 73.757019,
      "city": "Hinjawadi",
      "state": "Tamil Nadu",
      "street": "Westerly Diversion",
      "postal_code": "411057",
      "country": "IND",
      "type": "G80",
      "camera_type": "G",
      "speed_limit": "80",
      "direction": "250",
      "status": "A",
      "rotatable": true,
      "gps_status": "+"
    },
    {
      "id": 185405,
      "latitude": 18.584337,
      "longitude": 73.794868,
      "city": "Pimpri Chinchwad",
      "state": "Mahārāshtra",
      "street": "Kalewadi Main Road",
      "postal_code": "411027",
      "country": "IND",
      "type": "G60",
      "camera_type": "G",
      "speed_limit": "60",
      "direction": "230",
      "status": "A",
      "rotatable": true,
      "gps_status": "-"
    },
    {
      "id": 219942,
      "latitude": 18.591406,
      "longitude": 73.780785,
      "city": "Pimpri-Chinchwad",
      "state": "Tamil Nadu",
      "street": "unknown",
      "postal_code": "431027",
      "country": "IND",
      "type": "A",
      "camera_type": "A",
      "speed_limit": "/",
      "direction": "15",
      "status": "A",
      "rotatable": true,
      "gps_status": "+"
    },
    {
      "id": 219941,
      "latitude": 18.59148,
      "longitude": 73.781219,
      "city": "Pimpri-Chinchwad",
      "state": "Tamil Nadu",
      "street": "unknown",
      "postal_code": "431027",
      "country": "IND",
      "type": "A",
      "camera_type": "A",
      "speed_limit": "/",
      "direction": "10",
      "status": "A",
      "rotatable": true,
      "gps_status": "+"
    },
    {
      "id": 197798,
      "latitude": 18.608299,
      "longitude": 73.751053,
      "city": "Pimpri-Chinchwad",
      "state": "Mahārāshtra",
      "street": "Bibm road",
      "postal_code": "411033",
      "country": "IND",
      "type": "G80",
      "camera_type": "G",
      "speed_limit": "80",
      "direction": "130",
      "status": "A",
      "rotatable": true,
      "gps_status": "+"
    },
    {
      "id": 219918,
      "latitude": 18.644108,
      "longitude": 73.807709,
      "city": "Pimpri-Chinchwad",
      "state": "Tamil Nadu",
      "street": "Auto Cluster Back Side Road",
      "postal_code": "411019",
      "country": "IND",
      "type": "A",
      "camera_type": "A",
      "speed_limit": "/",
      "direction": "260",
      "status": "A",
      "rotatable": true,
      "gps_status": "+"
    },
    {
      "id": 219917,
      "latitude": 18.644211,
      "longitude": 73.807426,
      "city": "Pimpri-Chinchwad",
      "state": "Tamil Nadu",
      "street": "Auto Cluster Back Side Road",
      "postal_code": "411019",
      "country": "IND",
      "type": "A",
      "camera_type": "A",
      "speed_limit": "/",
      "direction": "20",
      "status": "A",
      "rotatable": true,
      "gps_status": "+"
    },
    {
      "id": 219916,
      "latitude": 18.644501,
      "longitude": 73.807816,
      "city": "Pimpri-Chinchwad",
      "state": "Tamil Nadu",
      "street": "Auto Cluster Back Side Road",
      "postal_code": "411019",
      "country": "IND",
      "type": "A",
      "camera_type": "A",
      "speed_limit": "/",
      "direction": "250",
      "status": "A",
      "rotatable": true,
      "gps_status": "+"
    },
    {
      "id": 197800,
      "latitude": 18.669342,
      "longitude": 73.705307,
      "city": "Gahunje",
      "state": "Tamil Nadu",
      "street": "Mumbai - Pune Expressway",
      "postal_code": "412101",
      "country": "IND",
      "type": "G80",
      "camera_type": "G",
      "speed_limit": "80",
      "direction": "305",
      "status": "A",
      "rotatable": true,
      "gps_status": "+"
    },
    {
      "id": 197799,
      "latitude": 18.669493,
      "longitude": 73.705391,
      "city": "Gahunje",
      "state": "Tamil Nadu",
      "street": "Mumbai - Pune Expressway",
      "postal_code": "412101",
      "country": "IND",
      "type": "G80",
      "camera_type": "G",
      "speed_limit": "80",
      "direction": "315",
      "status": "A",
      "rotatable": true,
      "gps_status": "+"
    },
    {
      "id": 197802,
      "latitude": 18.682985,
      "longitude": 73.692978,
      "city": "Shirgaon",
      "state": "Tamil Nadu",
      "street": "Mumbai - Pune Expressway",
      "postal_code": "412101",
      "country": "IND",
      "type": "G80",
      "camera_type": "G",
      "speed_limit": "80",
      "direction": "245",
      "status": "A",
      "rotatable": true,
      "gps_status": "+"
    },
    {
      "id": 197801,
      "latitude": 18.683182,
      "longitude": 73.692986,
      "city": "Shirgaon",
      "state": "Tamil Nadu",
      "street": "Mumbai - Pune Expressway",
      "postal_code": "412101",
      "country": "IND",
      "type": "G80",
      "camera_type": "G",
      "speed_limit": "80",
      "direction": "345",
      "status": "A",
      "rotatable": true,
      "gps_status": "+"
    },
    {
      "id": 221782,
      "latitude": 18.716398,
      "longitude": 73.558128,
      "city": "Maharashtra",
      "state": "Tamil Nadu",
      "street": "Mumbai - Pune Expressway",
      "postal_code": "410506",
      "country": "IND",
      "type": "G100",
      "camera_type": "G",
      "speed_limit": "100",
      "direction": "230",
      "status": "A",
      "rotatable": true,
      "gps_status": "+"
    },
    {
      "id": 221781,
      "latitude": 18.709492,
      "longitude": 73.571762,
      "city": "Maharashtra",
      "state": "Tamil Nadu",
      "street": "Mumbai - Pune Expressway",
      "postal_code": "410506",
      "country": "IND",
      "type": "G80",
      "camera_type": "G",
      "speed_limit": "80",
      "direction": "10",
      "status": "A",
      "rotatable": true,
      "gps_status": "+"
    },
    {
      "id": 188419,
      "latitude": 18.71365,
      "longitude": 73.56163,
      "city": "Maharashtra",
      "state": "Tamil Nadu",
      "street": "Mumbai - Pune Expressway",
      "postal_code": "410506",
      "country": "IND",
      "type": "G80",
      "camera_type": "G",
      "speed_limit": "80",
      "direction": "355",
      "status": "A",
      "rotatable": true,
      "gps_status": "+"
    },
    {
      "id": 188420,
      "latitude": 18.713909,
      "longitude": 73.561531,
      "city": "",
      "state": "Tamil Nadu",
      "street": "Mumbai - Pune Expressway",
      "postal_code": "410506",
      "country": "IND",
      "type": "G80",
      "camera_type": "G",
      "speed_limit": "80",
      "direction": "190",
      "status": "A",
      "rotatable": true,
      "gps_status": "+"
    },
    {
      "id": 197803,
      "latitude": 18.70685,
      "longitude": 73.600273,
      "city": "Ozarde",
      "state": "Mahārāshtra",
      "street": "Ozarde Flyover",
      "postal_code": "410405",
      "country": "IND",
      "type": "G80",
      "camera_type": "G",
      "speed_limit": "80",
      "direction": "320",
      "status": "A",
      "rotatable": true,
      "gps_status": "+"
    },
    {
      "id": 197804,
      "latitude": 18.706886,
      "longitude": 73.600037,
      "city": "Ozarde",
      "state": "Mahārāshtra",
      "street": "Ozarde Flyover",
      "postal_code": "410405",
      "country": "IND",
      "type": "G80",
      "camera_type": "G",
      "speed_limit": "80",
      "direction": "170",
      "status": "A",
      "rotatable": true,
      "gps_status": "+"
    },
    {
      "id": 183146,
      "latitude": 18.709293,
      "longitude": 73.609138,
      "city": "Maharashtra",
      "state": "Tamil Nadu",
      "street": "Mumbai - Pune Expressway",
      "postal_code": "410506",
      "country": "IND",
      "type": "G80",
      "camera_type": "G",
      "speed_limit": "80",
      "direction": "130",
      "status": "A",
      "rotatable": true,
      "gps_status": "-"
    },
    {
      "id": 188417,
      "latitude": 18.712568,
      "longitude": 73.619797,
      "city": "",
      "state": "Tamil Nadu",
      "street": "Mumbai - Pune Expressway",
      "postal_code": "410506",
      "country": "IND",
      "type": "G80",
      "camera_type": "G",
      "speed_limit": "80",
      "direction": "120",
      "status": "A",
      "rotatable": true,
      "gps_status": "+"
    },
    {
      "id": 188418,
      "latitude": 18.712753,
      "longitude": 73.619743,
      "city": "",
      "state": "Tamil Nadu",
      "street": "Mumbai - Pune Expressway",
      "postal_code": "410506",
      "country": "IND",
      "type": "G80",
      "camera_type": "G",
      "speed_limit": "80",
      "direction": "350",
      "status": "A",
      "rotatable": true,
      "gps_status": "+"
    },
    {
      "id": 188415,
      "latitude": 18.716631,
      "longitude": 73.638031,
      "city": "Maharashtra",
      "state": "Tamil Nadu",
      "street": "Mumbai - Pune Expressway",
      "postal_code": "410506",
      "country": "IND",
      "type": "G80",
      "camera_type": "G",
      "speed_limit": "80",
      "direction": "70",
      "status": "A",
      "rotatable": true,
      "gps_status": "+"
    },
    {
      "id": 188416,
      "latitude": 18.716795,
      "longitude": 73.637848,
      "city": "Maharashtra",
      "state": "Tamil Nadu",
      "street": "Mumbai - Pune Expressway",
      "postal_code": "410506",
      "country": "IND",
      "type": "G80",
      "camera_type": "G",
      "speed_limit": "80",
      "direction": "295",
      "status": "A",
      "rotatable": true,
      "gps_status": "+"
    },
    {
      "id": 175214,
      "latitude": 18.70783,
      "longitude": 73.65934,
      "city": "Maharashtra",
      "state": "Tamil Nadu",
      "street": "Mumbai - Pune Expressway",
      "postal_code": "410506",
      "country": "IND",
      "type": "G100",
      "camera_type": "G",
      "speed_limit": "100",
      "direction": "240",
      "status": "A",
      "rotatable": true,
      "gps_status": "+"
    },
    {
      "id": 175213,
      "latitude": 18.708099,
      "longitude": 73.659157,
      "city": "Maharashtra",
      "state": "Tamil Nadu",
      "street": "Mumbai - Pune Expressway",
      "postal_code": "410506",
      "country": "IND",
      "type": "G100",
      "camera_type": "G",
      "speed_limit": "100",
      "direction": "295",
      "status": "A",
      "rotatable": true,
      "gps_status": "-"
    },
    {
      "id": 206323,
      "latitude": 18.703703,
      "longitude": 73.675797,
      "city": "Bhote Vasti",
      "state": "Tamil Nadu",
      "street": "Mumbai - Pune Expressway",
      "postal_code": "410506",
      "country": "IND",
      "type": "G80",
      "camera_type": "G",
      "speed_limit": "80",
      "direction": "10",
      "status": "A",
      "rotatable": true,
      "gps_status": "+"
    },
    {
      "id": 206322,
      "latitude": 18.703913,
      "longitude": 73.675735,
      "city": "Bhote Vasti",
      "state": "Tamil Nadu",
      "street": "Mumbai - Pune Expressway",
      "postal_code": "410506",
      "country": "IND",
      "type": "G80",
      "camera_type": "G",
      "speed_limit": "80",
      "direction": "125",
      "status": "A",
      "rotatable": true,
      "gps_status": "-"
    },
    {
      "id": 221780,
      "latitude": 18.704279,
      "longitude": 73.670265,
      "city": "Maharashtra",
      "state": "Tamil Nadu",
      "street": "Mumbai - Pune Expressway",
      "postal_code": "410506",
      "country": "IND",
      "type": "G100",
      "camera_type": "G",
      "speed_limit": "100",
      "direction": "115",
      "status": "A",
      "rotatable": true,
      "gps_status": "+"
    },
    {
      "id": 221779,
      "latitude": 18.704664,
      "longitude": 73.671974,
      "city": "Maharashtra",
      "state": "Tamil Nadu",
      "street": "Mumbai - Pune Expressway",
      "postal_code": "410506",
      "country": "IND",
      "type": "G100",
      "camera_type": "G",
      "speed_limit": "100",
      "direction": "20",
      "status": "A",
      "rotatable": true,
      "gps_status": "+"
    },
    {
      "id": 195746,
      "latitude": 18.733276,
      "longitude": 73.444603,
      "city": "Malavli",
      "state": "Tamil Nadu",
      "street": "Mumbai - Pune Expressway",
      "postal_code": "410401",
      "country": "IND",
      "type": "G80",
      "camera_type": "G",
      "speed_limit": "80",
      "direction": "190",
      "status": "A",
      "rotatable": true,
      "gps_status": "+"
    },
    {
      "id": 195745,
      "latitude": 18.733456,
      "longitude": 73.444588,
      "city": "Malavli",
      "state": "Tamil Nadu",
      "street": "Mumbai - Pune Expressway",
      "postal_code": "410401",
      "country": "IND",
      "type": "G80",
      "camera_type": "G",
      "speed_limit": "80",
      "direction": "65",
      "status": "A",
      "rotatable": true,
      "gps_status": "+"
    },
    {
      "id": 191152,
      "latitude": 18.728886,
      "longitude": 73.539993,
      "city": "",
      "state": "Tamil Nadu",
      "street": "Mumbai - Pune Expressway",
      "postal_code": "",
      "country": "IND",
      "type": "G80",
      "camera_type": "G",
      "speed_limit": "80",
      "direction": "95",
      "status": "A",
      "rotatable": true,
      "gps_status": "+"
    },
    {
      "id": 191155,
      "latitude": 18.735641,
      "longitude": 73.533386,
      "city": "Malavli",
      "state": "Tamil Nadu",
      "street": "Mumbai - Pune Expressway",
      "postal_code": "410401",
      "country": "IND",
      "type": "G80",
      "camera_type": "G",
      "speed_limit": "80",
      "direction": "265",
      "status": "A",
      "rotatable": true,
      "gps_status": "-"
    },
    {
      "id": 194521,
      "latitude": 18.727789,
      "longitude": 73.541931,
      "city": "Bedse",
      "state": "Tamil Nadu",
      "street": "Mumbai - Pune Expressway",
      "postal_code": "410405",
      "country": "IND",
      "type": "G80",
      "camera_type": "G",
      "speed_limit": "80",
      "direction": "85",
      "status": "A",
      "rotatable": true,
      "gps_status": "+"
    },
    {
      "id": 219888,
      "latitude": 18.759386,
      "longitude": 73.371887,
      "city": "Maharashtra",
      "state": "Tamil Nadu",
      "street": "Mumbai - Pune Expressway",
      "postal_code": "410400",
      "country": "IND",
      "type": "G50",
      "camera_type": "G",
      "speed_limit": "50",
      "direction": "5",
      "status": "A",
      "rotatable": true,
      "gps_status": "-"
    },
    {
      "id": 183972,
      "latitude": 18.752172,
      "longitude": 73.43,
      "city": "Maharashtra",
      "state": "Mahārāshtra",
      "street": "Mumbai - Pune Expressway",
      "postal_code": "400321",
      "country": "IND",
      "type": "G80",
      "camera_type": "G",
      "speed_limit": "80",
      "direction": "350",
      "status": "A",
      "rotatable": true,
      "gps_status": "+"
    },
    {
      "id": 189629,
      "latitude": 18.740963,
      "longitude": 73.468628,
      "city": "Malavli",
      "state": "Tamil Nadu",
      "street": "Mumbai - Pune Expressway",
      "postal_code": "410401",
      "country": "IND",
      "type": "G80",
      "camera_type": "G",
      "speed_limit": "80",
      "direction": "10",
      "status": "A",
      "rotatable": true,
      "gps_status": "+"
    },
    {
      "id": 189630,
      "latitude": 18.741121,
      "longitude": 73.468437,
      "city": "Malavli",
      "state": "Tamil Nadu",
      "street": "Mumbai - Pune Expressway",
      "postal_code": "410401",
      "country": "IND",
      "type": "G80",
      "camera_type": "G",
      "speed_limit": "80",
      "direction": "140",
      "status": "A",
      "rotatable": true,
      "gps_status": "+"
    },
    {
      "id": 221760,
      "latitude": 18.743221,
      "longitude": 73.480804,
      "city": "Malavli",
      "state": "Tamil Nadu",
      "street": "Mumbai - Pune Expressway",
      "postal_code": "410401",
      "country": "IND",
      "type": "G80",
      "camera_type": "G",
      "speed_limit": "80",
      "direction": "160",
      "status": "A",
      "rotatable": true,
      "gps_status": "+"
    },
    {
      "id": 221759,
      "latitude": 18.743378,
      "longitude": 73.480782,
      "city": "Malavli",
      "state": "Tamil Nadu",
      "street": "Mumbai - Pune Expressway",
      "postal_code": "410401",
      "country": "IND",
      "type": "G80",
      "camera_type": "G",
      "speed_limit": "80",
      "direction": "15",
      "status": "A",
      "rotatable": true,
      "gps_status": "+"
    },
    {
      "id": 189627,
      "latitude": 18.746843,
      "longitude": 73.50119,
      "city": "Malavli",
      "state": "Tamil Nadu",
      "street": "Mumbai - Pune Expressway",
      "postal_code": "410401",
      "country": "IND",
      "type": "G80",
      "camera_type": "G",
      "speed_limit": "80",
      "direction": "345",
      "status": "A",
      "rotatable": true,
      "gps_status": "+"
    },
    {
      "id": 189628,
      "latitude": 18.747021,
      "longitude": 73.501129,
      "city": "Malavli",
      "state": "Tamil Nadu",
      "street": "Mumbai - Pune Expressway",
      "postal_code": "410401",
      "country": "IND",
      "type": "G80",
      "camera_type": "G",
      "speed_limit": "80",
      "direction": "250",
      "status": "A",
      "rotatable": true,
      "gps_status": "+"
    },
    {
      "id": 189623,
      "latitude": 18.751266,
      "longitude": 73.523064,
      "city": "Malavli",
      "state": "Tamil Nadu",
      "street": "Mumbai - Pune Expressway",
      "postal_code": "410401",
      "country": "IND",
      "type": "G80",
      "camera_type": "G",
      "speed_limit": "80",
      "direction": "290",
      "status": "A",
      "rotatable": true,
      "gps_status": "+"
    },
    {
      "id": 189626,
      "latitude": 18.751469,
      "longitude": 73.522903,
      "city": "Malavli",
      "state": "Tamil Nadu",
      "street": "Mumbai - Pune Expressway",
      "postal_code": "410401",
      "country": "IND",
      "type": "G80",
      "camera_type": "G",
      "speed_limit": "80",
      "direction": "270",
      "status": "A",
      "rotatable": true,
      "gps_status": "+"
    },
    {
      "id": 204940,
      "latitude": 18.778484,
      "longitude": 73.317467,
      "city": "Khopoli",
      "state": "Tamil Nadu",
      "street": "Mumbai - Pune Expressway",
      "postal_code": "410203",
      "country": "IND",
      "type": "G80",
      "camera_type": "G",
      "speed_limit": "80",
      "direction": "155",
      "status": "A",
      "rotatable": true,
      "gps_status": "+"
    },
    {
      "id": 221766,
      "latitude": 18.762932,
      "longitude": 73.348602,
      "city": "Khopoli",
      "state": "Tamil Nadu",
      "street": "Mumbai - Pune Expressway",
      "postal_code": "410203",
      "country": "IND",
      "type": "G60",
      "camera_type": "G",
      "speed_limit": "60",
      "direction": "245",
      "status": "A",
      "rotatable": true,
      "gps_status": "+"
    },
    {
      "id": 221764,
      "latitude": 18.763453,
      "longitude": 73.355652,
      "city": "Khopoli",
      "state": "Tamil Nadu",
      "street": "Mumbai - Pune Expressway",
      "postal_code": "410300",
      "country": "IND",
      "type": "G60",
      "camera_type": "G",
      "speed_limit": "60",
      "direction": "160",
      "status": "A",
      "rotatable": true,
      "gps_status": "+"
    },
    {
      "id": 221763,
      "latitude": 18.764591,
      "longitude": 73.355949,
      "city": "Khopoli",
      "state": "Tamil Nadu",
      "street": "Mumbai - Pune Expressway",
      "postal_code": "410300",
      "country": "IND",
      "type": "G60",
      "camera_type": "G",
      "speed_limit": "60",
      "direction": "115",
      "status": "A",
      "rotatable": true,
      "gps_status": "+"
    },
    {
      "id": 221765,
      "latitude": 18.766933,
      "longitude": 73.345543,
      "city": "Khopoli",
      "state": "Tamil Nadu",
      "street": "Mumbai - Pune Expressway",
      "postal_code": "410203",
      "country": "IND",
      "type": "G60",
      "camera_type": "G",
      "speed_limit": "60",
      "direction": "115",
      "status": "A",
      "rotatable": true,
      "gps_status": "+"
    },
    {
      "id": 204868,
      "latitude": 18.768755,
      "longitude": 73.340836,
      "city": "Khopoli",
      "state": "Tamil Nadu",
      "street": "Mumbai - Pune Expressway",
      "postal_code": "410203",
      "country": "IND",
      "type": "G80",
      "camera_type": "G",
      "speed_limit": "80",
      "direction": "170",
      "status": "A",
      "rotatable": true,
      "gps_status": "+"
    },
    {
      "id": 221784,
      "latitude": 18.766832,
      "longitude": 73.360588,
      "city": "Khopoli",
      "state": "Tamil Nadu",
      "street": "Mumbai - Pune Expressway",
      "postal_code": "410300",
      "country": "IND",
      "type": "G60",
      "camera_type": "G",
      "speed_limit": "60",
      "direction": "115",
      "status": "A",
      "rotatable": true,
      "gps_status": "+"
    },
    {
      "id": 221783,
      "latitude": 18.76862,
      "longitude": 73.361816,
      "city": "Khopoli",
      "state": "Tamil Nadu",
      "street": "Mumbai - Pune Expressway",
      "postal_code": "410300",
      "country": "IND",
      "type": "G60",
      "camera_type": "G",
      "speed_limit": "60",
      "direction": "100",
      "status": "A",
      "rotatable": true,
      "gps_status": "+"
    },
    {
      "id": 197806,
      "latitude": 18.765873,
      "longitude": 73.388138,
      "city": "Kune N.m.",
      "state": "Tamil Nadu",
      "street": "Mumbai - Pune Expressway",
      "postal_code": "410400",
      "country": "IND",
      "type": "G80",
      "camera_type": "G",
      "speed_limit": "80",
      "direction": "115",
      "status": "A",
      "rotatable": true,
      "gps_status": "+"
    },
    {
      "id": 197805,
      "latitude": 18.766005,
      "longitude": 73.388351,
      "city": "Kune N.m.",
      "state": "Tamil Nadu",
      "street": "Mumbai - Pune Expressway",
      "postal_code": "410400",
      "country": "IND",
      "type": "G80",
      "camera_type": "G",
      "speed_limit": "80",
      "direction": "60",
      "status": "A",
      "rotatable": true,
      "gps_status": "+"
    },
    {
      "id": 189632,
      "latitude": 18.769384,
      "longitude": 73.398506,
      "city": "",
      "state": "Tamil Nadu",
      "street": "Mumbai - Pune Expressway",
      "postal_code": "410400",
      "country": "IND",
      "type": "G80",
      "camera_type": "G",
      "speed_limit": "80",
      "direction": "165",
      "status": "A",
      "rotatable": true,
      "gps_status": "+"
    },
    {
      "id": 189631,
      "latitude": 18.769522,
      "longitude": 73.398285,
      "city": "",
      "state": "Tamil Nadu",
      "street": "Mumbai - Pune Expressway",
      "postal_code": "410400",
      "country": "IND",
      "type": "G80",
      "camera_type": "G",
      "speed_limit": "80",
      "direction": "240",
      "status": "A",
      "rotatable": true,
      "gps_status": "+"
    },
    {
      "id": 221762,
      "latitude": 18.760878,
      "longitude": 73.424065,
      "city": "Lonavala",
      "state": "Tamil Nadu",
      "street": "Mumbai - Pune Expressway",
      "postal_code": "410400",
      "country": "IND",
      "type": "G80",
      "camera_type": "G",
      "speed_limit": "80",
      "direction": "175",
      "status": "A",
      "rotatable": true,
      "gps_status": "+"
    },
    {
      "id": 221761,
      "latitude": 18.761,
      "longitude": 73.424095,
      "city": "Lonavala",
      "state": "Tamil Nadu",
      "street": "Mumbai - Pune Expressway",
      "postal_code": "410400",
      "country": "IND",
      "type": "G80",
      "camera_type": "G",
      "speed_limit": "80",
      "direction": "275",
      "status": "A",
      "rotatable": true,
      "gps_status": "+"
    },
    {
      "id": 184734,
      "latitude": 18.793301,
      "longitude": 73.292999,
      "city": "Maharashtra",
      "state": "Tamil Nadu",
      "street": "Mumbai - Pune Expressway",
      "postal_code": "410202",
      "country": "IND",
      "type": "G80",
      "camera_type": "G",
      "speed_limit": "80",
      "direction": "215",
      "status": "A",
      "rotatable": true,
      "gps_status": "-"
    },
    {
      "id": 184733,
      "latitude": 18.794634,
      "longitude": 73.290024,
      "city": "Maharashtra",
      "state": "Tamil Nadu",
      "street": "Dahiwali Flyover",
      "postal_code": "410202",
      "country": "IND",
      "type": "G80",
      "camera_type": "G",
      "speed_limit": "80",
      "direction": "115",
      "status": "A",
      "rotatable": true,
      "gps_status": "+"
    },
    {
      "id": 184735,
      "latitude": 18.788523,
      "longitude": 73.306961,
      "city": "Maharashtra",
      "state": "Tamil Nadu",
      "street": "Mumbai - Pune Expressway",
      "postal_code": "410203",
      "country": "IND",
      "type": "G80",
      "camera_type": "G",
      "speed_limit": "80",
      "direction": "305",
      "status": "A",
      "rotatable": true,
      "gps_status": "+"
    },
    {
      "id": 184736,
      "latitude": 18.788727,
      "longitude": 73.307037,
      "city": "Maharashtra",
      "state": "Tamil Nadu",
      "street": "Mumbai - Pune Expressway",
      "postal_code": "410203",
      "country": "IND",
      "type": "G80",
      "camera_type": "G",
      "speed_limit": "80",
      "direction": "75",
      "status": "A",
      "rotatable": true,
      "gps_status": "-"
    },
    {
      "id": 205006,
      "latitude": 18.816427,
      "longitude": 73.273544,
      "city": "Maharashtra",
      "state": "Tamil Nadu",
      "street": "Mumbai - Pune Expressway",
      "postal_code": "410202",
      "country": "IND",
      "type": "G80",
      "camera_type": "G",
      "speed_limit": "80",
      "direction": "320",
      "status": "A",
      "rotatable": true,
      "gps_status": "+"
    },
    {
      "id": 184732,
      "latitude": 18.823542,
      "longitude": 73.2649,
      "city": "Maharashtra",
      "state": "Tamil Nadu",
      "street": "Mumbai - Pune Expressway",
      "postal_code": "410202",
      "country": "IND",
      "type": "G80",
      "camera_type": "G",
      "speed_limit": "80",
      "direction": "150",
      "status": "A",
      "rotatable": true,
      "gps_status": "-"
    },
    {
      "id": 184731,
      "latitude": 18.849325,
      "longitude": 73.230034,
      "city": "Maharashtra",
      "state": "Tamil Nadu",
      "street": "Mumbai - Pune Expressway",
      "postal_code": "410222",
      "country": "IND",
      "type": "G80",
      "camera_type": "G",
      "speed_limit": "80",
      "direction": "30",
      "status": "A",
      "rotatable": true,
      "gps_status": "+"
    },
    {
      "id": 184730,
      "latitude": 18.849386,
      "longitude": 73.229782,
      "city": "Maharashtra",
      "state": "Tamil Nadu",
      "street": "Mumbai - Pune Expressway",
      "postal_code": "410222",
      "country": "IND",
      "type": "G80",
      "camera_type": "G",
      "speed_limit": "80",
      "direction": "80",
      "status": "A",
      "rotatable": true,
      "gps_status": "+"
    },
    {
      "id": 184728,
      "latitude": 18.851101,
      "longitude": 73.228821,
      "city": "Maharashtra",
      "state": "Tamil Nadu",
      "street": "Mumbai - Pune Expressway",
      "postal_code": "410222",
      "country": "IND",
      "type": "G80",
      "camera_type": "G",
      "speed_limit": "80",
      "direction": "55",
      "status": "A",
      "rotatable": true,
      "gps_status": "-"
    },
    {
      "id": 184729,
      "latitude": 18.851215,
      "longitude": 73.228973,
      "city": "Maharashtra",
      "state": "Tamil Nadu",
      "street": "Mumbai - Pune Expressway",
      "postal_code": "410222",
      "country": "IND",
      "type": "G80",
      "camera_type": "G",
      "speed_limit": "80",
      "direction": "280",
      "status": "A",
      "rotatable": true,
      "gps_status": "-"
    },
    {
      "id": 184727,
      "latitude": 18.899464,
      "longitude": 73.202309,
      "city": "Rasayani",
      "state": "Tamil Nadu",
      "street": "SH83",
      "postal_code": "410222",
      "country": "IND",
      "type": "G80",
      "camera_type": "G",
      "speed_limit": "80",
      "direction": "80",
      "status": "A",
      "rotatable": true,
      "gps_status": "+"
    },
    {
      "id": 184726,
      "latitude": 18.899471,
      "longitude": 73.202133,
      "city": "Rasayani",
      "state": "Tamil Nadu",
      "street": "Mumbai - Pune Expressway",
      "postal_code": "410222",
      "country": "IND",
      "type": "G80",
      "camera_type": "G",
      "speed_limit": "80",
      "direction": "280",
      "status": "A",
      "rotatable": true,
      "gps_status": "+"
    },
    {
      "id": 204982,
      "latitude": 18.902697,
      "longitude": 73.197243,
      "city": "Rasayani",
      "state": "Tamil Nadu",
      "street": "Mumbai - Pune Expressway",
      "postal_code": "410222",
      "country": "IND",
      "type": "G100",
      "camera_type": "G",
      "speed_limit": "100",
      "direction": "100",
      "status": "A",
      "rotatable": true,
      "gps_status": "+"
    },
    {
      "id": 204983,
      "latitude": 18.902851,
      "longitude": 73.19735,
      "city": "Rasayani",
      "state": "Tamil Nadu",
      "street": "Mumbai - Pune Expressway",
      "postal_code": "410222",
      "country": "IND",
      "type": "G100",
      "camera_type": "G",
      "speed_limit": "100",
      "direction": "110",
      "status": "A",
      "rotatable": true,
      "gps_status": "+"
    },
    {
      "id": 184725,
      "latitude": 18.912556,
      "longitude": 73.180412,
      "city": "Rasayani",
      "state": "Tamil Nadu",
      "street": "Mumbai - Pune Expressway",
      "postal_code": "410222",
      "country": "IND",
      "type": "G80",
      "camera_type": "G",
      "speed_limit": "80",
      "direction": "240",
      "status": "A",
      "rotatable": true,
      "gps_status": "-"
    },
    {
      "id": 204688,
      "latitude": 18.926443,
      "longitude": 72.827095,
      "city": "Mumbai",
      "state": "Tamil Nadu",
      "street": "Madame Cama Road",
      "postal_code": "400023",
      "country": "IND",
      "type": "A",
      "camera_type": "A",
      "speed_limit": "/",
      "direction": "5",
      "status": "A",
      "rotatable": true,
      "gps_status": "+"
    },
    {
      "id": 204689,
      "latitude": 18.926666,
      "longitude": 72.826836,
      "city": "Mumbai",
      "state": "Tamil Nadu",
      "street": "Madame Cama Road",
      "postal_code": "400023",
      "country": "IND",
      "type": "A",
      "camera_type": "A",
      "speed_limit": "/",
      "direction": "245",
      "status": "A",
      "rotatable": true,
      "gps_status": "+"
    },
    {
      "id": 204687,
      "latitude": 18.926825,
      "longitude": 72.826729,
      "city": "Mumbai",
      "state": "Tamil Nadu",
      "street": "Madame Cama Road",
      "postal_code": "400023",
      "country": "IND",
      "type": "A",
      "camera_type": "A",
      "speed_limit": "/",
      "direction": "20",
      "status": "A",
      "rotatable": true,
      "gps_status": "+"
    },
    {
      "id": 204686,
      "latitude": 18.932707,
      "longitude": 72.830231,
      "city": "Mumbai",
      "state": "Tamil Nadu",
      "street": "Veer Nariman Road",
      "postal_code": "400032",
      "country": "IND",
      "type": "A",
      "camera_type": "A",
      "speed_limit": "/",
      "direction": "165",
      "status": "A",
      "rotatable": true,
      "gps_status": "+"
    },
    {
      "id": 184719,
      "latitude": 18.936962,
      "longitude": 72.824165,
      "city": "Mumbai",
      "state": "Tamil Nadu",
      "street": "Marine Drive",
      "postal_code": "400020",
      "country": "IND",
      "type": "A",
      "camera_type": "A",
      "speed_limit": "/",
      "direction": "210",
      "status": "A",
      "rotatable": true,
      "gps_status": "-"
    },
    {
      "id": 184720,
      "latitude": 18.93716,
      "longitude": 72.824295,
      "city": "Mumbai",
      "state": "Tamil Nadu",
      "street": "Marine Drive",
      "postal_code": "400020",
      "country": "IND",
      "type": "A",
      "camera_type": "A",
      "speed_limit": "/",
      "direction": "165",
      "status": "A",
      "rotatable": true,
      "gps_status": "-"
    },
    {
      "id": 184716,
      "latitude": 18.955944,
      "longitude": 72.810226,
      "city": "Mumbai",
      "state": "Tamil Nadu",
      "street": "Dr N A Purandare Marg",
      "postal_code": "400036",
      "country": "IND",
      "type": "A",
      "camera_type": "A",
      "speed_limit": "/",
      "direction": "60",
      "status": "A",
      "rotatable": true,
      "gps_status": "+"
    },
    {
      "id": 184714,
      "latitude": 18.9561,
      "longitude": 72.809998,
      "city": "Mumbai",
      "state": "Tamil Nadu",
      "street": "Dr N A Purandare Marg (Chowpatty Sea Face)",
      "postal_code": "400036",
      "country": "IND",
      "type": "A",
      "camera_type": "A",
      "speed_limit": "/",
      "direction": "60",
      "status": "A",
      "rotatable": true,
      "gps_status": "+"
    },
    {
      "id": 184715,
      "latitude": 18.956301,
      "longitude": 72.810097,
      "city": "Mumbai",
      "state": "Tamil Nadu",
      "street": "P Ramabai Marg",
      "postal_code": "400036",
      "country": "IND",
      "type": "A",
      "camera_type": "A",
      "speed_limit": "/",
      "direction": "220",
      "status": "A",
      "rotatable": true,
      "gps_status": "+"
    },
    {
      "id": 184718,
      "latitude": 18.941053,
      "longitude": 72.823944,
      "city": "Mumbai",
      "state": "Tamil Nadu",
      "street": "Marine Drive",
      "postal_code": "400020",
      "country": "IND",
      "type": "G60",
      "camera_type": "G",
      "speed_limit": "60",
      "direction": "30",
      "status": "A",
      "rotatable": true,
      "gps_status": "-"
    },
    {
      "id": 184717,
      "latitude": 18.941086,
      "longitude": 72.823814,
      "city": "Mumbai",
      "state": "Tamil Nadu",
      "street": "Marine Drive",
      "postal_code": "400020",
      "country": "IND",
      "type": "G60",
      "camera_type": "G",
      "speed_limit": "60",
      "direction": "355",
      "status": "A",
      "rotatable": true,
      "gps_status": "-"
    },
    {
      "id": 178907,
      "latitude": 18.954872,
      "longitude": 72.832863,
      "city": "Mumbai",
      "state": "Tamil Nadu",
      "street": "J.J. Flyover",
      "postal_code": "400003",
      "country": "IND",
      "type": "G30",
      "camera_type": "G",
      "speed_limit": "30",
      "direction": "115",
      "status": "A",
      "rotatable": true,
      "gps_status": "-"
    },
    {
      "id": 184722,
      "latitude": 18.953434,
      "longitude": 73.015869,
      "city": "Panvel",
      "state": "Tamil Nadu",
      "street": "Mumbai Trans Harbour Link",
      "postal_code": "00000",
      "country": "IND",
      "type": "G100",
      "camera_type": "G",
      "speed_limit": "100",
      "direction": "175",
      "status": "A",
      "rotatable": true,
      "gps_status": "+"
    },
    {
      "id": 184721,
      "latitude": 18.958672,
      "longitude": 73.012085,
      "city": "Mumbai",
      "state": "Tamil Nadu",
      "street": "Mumbai Trans Harbour Link",
      "postal_code": "400015",
      "country": "IND",
      "type": "G100",
      "camera_type": "G",
      "speed_limit": "100",
      "direction": "335",
      "status": "A",
      "rotatable": true,
      "gps_status": "+"
    },
    {
      "id": 184723,
      "latitude": 18.950401,
      "longitude": 73.021767,
      "city": "Maharashtra",
      "state": "Tamil Nadu",
      "street": "Mumbai Trans Harbour Link",
      "postal_code": "00000",
      "country": "IND",
      "type": "G100",
      "camera_type": "G",
      "speed_limit": "100",
      "direction": "345",
      "status": "A",
      "rotatable": true,
      "gps_status": "+"
    },
    {
      "id": 184724,
      "latitude": 18.955137,
      "longitude": 73.155716,
      "city": "Panvel",
      "state": "Tamil Nadu",
      "street": "Mumbai - Pune Expressway",
      "postal_code": "410206",
      "country": "IND",
      "type": "G100",
      "camera_type": "G",
      "speed_limit": "100",
      "direction": "180",
      "status": "A",
      "rotatable": true,
      "gps_status": "-"
    },
    {
      "id": 204715,
      "latitude": 18.961674,
      "longitude": 72.823174,
      "city": "Mumbai",
      "state": "Tamil Nadu",
      "street": "Patthe Bapurao Marg (Falkland Road)",
      "postal_code": "400004",
      "country": "IND",
      "type": "A",
      "camera_type": "A",
      "speed_limit": "/",
      "direction": "210",
      "status": "A",
      "rotatable": true,
      "gps_status": "+"
    },
    {
      "id": 204716,
      "latitude": 18.961754,
      "longitude": 72.823189,
      "city": "Mumbai",
      "state": "Tamil Nadu",
      "street": "Patthe Bapurao Marg (Falkland Road)",
      "postal_code": "400004",
      "country": "IND",
      "type": "A",
      "camera_type": "A",
      "speed_limit": "/",
      "direction": "60",
      "status": "A",
      "rotatable": true,
      "gps_status": "+"
    },
    {
      "id": 204717,
      "latitude": 18.961815,
      "longitude": 72.822945,
      "city": "Mumbai",
      "state": "Tamil Nadu",
      "street": "Patthe Bapurao Marg (Falkland Road)",
      "postal_code": "400004",
      "country": "IND",
      "type": "A",
      "camera_type": "A",
      "speed_limit": "/",
      "direction": "10",
      "status": "A",
      "rotatable": true,
      "gps_status": "-"
    },
    {
      "id": 204714,
      "latitude": 18.961906,
      "longitude": 72.822884,
      "city": "Mumbai",
      "state": "Tamil Nadu",
      "street": "Patthe Bapurao Marg (Falkland Road)",
      "postal_code": "400004",
      "country": "IND",
      "type": "A",
      "camera_type": "A",
      "speed_limit": "/",
      "direction": "60",
      "status": "A",
      "rotatable": true,
      "gps_status": "+"
    },
    {
      "id": 204791,
      "latitude": 18.974762,
      "longitude": 72.998589,
      "city": "Mumbai",
      "state": "Tamil Nadu",
      "street": "Mumbai Trans Harbour Link",
      "postal_code": "400015",
      "country": "IND",
      "type": "G100",
      "camera_type": "G",
      "speed_limit": "100",
      "direction": "350",
      "status": "A",
      "rotatable": true,
      "gps_status": "+"
    },
    {
      "id": 221785,
      "latitude": 18.974596,
      "longitude": 73.153809,
      "city": "Panvel",
      "state": "Tamil Nadu",
      "street": "Mumbai - Pune Expressway",
      "postal_code": "410206",
      "country": "IND",
      "type": "G100",
      "camera_type": "G",
      "speed_limit": "100",
      "direction": "20",
      "status": "A",
      "rotatable": true,
      "gps_status": "+"
    },
    {
      "id": 206325,
      "latitude": 18.984001,
      "longitude": 72.848007,
      "city": "Mumbai",
      "state": "Tamil Nadu",
      "street": "Eastern Freeway",
      "postal_code": "400015",
      "country": "IND",
      "type": "G80",
      "camera_type": "G",
      "speed_limit": "80",
      "direction": "165",
      "status": "A",
      "rotatable": true,
      "gps_status": "+"
    },
    {
      "id": 206324,
      "latitude": 18.993361,
      "longitude": 72.852409,
      "city": "Mumbai",
      "state": "Tamil Nadu",
      "street": "Eastern Freeway",
      "postal_code": "400015",
      "country": "IND",
      "type": "G80",
      "camera_type": "G",
      "speed_limit": "80",
      "direction": "20",
      "status": "A",
      "rotatable": true,
      "gps_status": "+"
    },
    {
      "id": 219541,
      "latitude": 18.983921,
      "longitude": 73.145203,
      "city": "Panvel",
      "state": "Tamil Nadu",
      "street": "Mumbai - Pune Expressway",
      "postal_code": "410206",
      "country": "IND",
      "type": "G80",
      "camera_type": "G",
      "speed_limit": "80",
      "direction": "135",
      "status": "A",
      "rotatable": true,
      "gps_status": "+"
    },
    {
      "id": 219540,
      "latitude": 18.98403,
      "longitude": 73.145409,
      "city": "Panvel",
      "state": "Tamil Nadu",
      "street": "Mumbai - Pune Expressway",
      "postal_code": "410206",
      "country": "IND",
      "type": "G80",
      "camera_type": "G",
      "speed_limit": "80",
      "direction": "60",
      "status": "A",
      "rotatable": true,
      "gps_status": "+"
    },
    {
      "id": 219936,
      "latitude": 19.009209,
      "longitude": 72.833496,
      "city": "Mumbai",
      "state": "Tamil Nadu",
      "street": "Senapati Bapat Marg (Tulsi Pipe Road)",
      "postal_code": "400013",
      "country": "IND",
      "type": "A",
      "camera_type": "A",
      "speed_limit": "/",
      "direction": "315",
      "status": "A",
      "rotatable": true,
      "gps_status": "+"
    },
    {
      "id": 219823,
      "latitude": 19.017576,
      "longitude": 72.830383,
      "city": "Mumbai",
      "state": "Tamil Nadu",
      "street": "Swatantrya Veer Savarkar Marg",
      "postal_code": "400025",
      "country": "IND",
      "type": "A",
      "camera_type": "A",
      "speed_limit": "/",
      "direction": "50",
      "status": "A",
      "rotatable": true,
      "gps_status": "+"
    },
    {
      "id": 219930,
      "latitude": 19.018414,
      "longitude": 72.835754,
      "city": "Mumbai",
      "state": "Tamil Nadu",
      "street": "Raobahadur S.K. Bole Marg",
      "postal_code": "400028",
      "country": "IND",
      "type": "A",
      "camera_type": "A",
      "speed_limit": "/",
      "direction": "15",
      "status": "A",
      "rotatable": true,
      "gps_status": "+"
    },
    {
      "id": 219931,
      "latitude": 19.018871,
      "longitude": 72.835976,
      "city": "Mumbai",
      "state": "Tamil Nadu",
      "street": "Raobahadur S.K. Bole Marg",
      "postal_code": "400028",
      "country": "IND",
      "type": "A",
      "camera_type": "A",
      "speed_limit": "/",
      "direction": "270",
      "status": "A",
      "rotatable": true,
      "gps_status": "+"
    },
    {
      "id": 220419,
      "latitude": 19.000122,
      "longitude": 72.870911,
      "city": "Mumbai",
      "state": "Tamil Nadu",
      "street": "Mumbai Trans Harbour Link",
      "postal_code": "400015",
      "country": "IND",
      "type": "G100",
      "camera_type": "G",
      "speed_limit": "100",
      "direction": "160",
      "status": "A",
      "rotatable": true,
      "gps_status": "-"
    },
    {
      "id": 218998,
      "latitude": 19.007217,
      "longitude": 73.017372,
      "city": "Navi Mumbai",
      "state": "Tamil Nadu",
      "street": "Palm Beach Marg",
      "postal_code": "400706",
      "country": "IND",
      "type": "A",
      "camera_type": "A",
      "speed_limit": "/",
      "direction": "205",
      "status": "A",
      "rotatable": true,
      "gps_status": "+"
    },
    {
      "id": 218997,
      "latitude": 19.007454,
      "longitude": 73.017853,
      "city": "Navi Mumbai",
      "state": "Tamil Nadu",
      "street": "Palm Beach Marg",
      "postal_code": "400706",
      "country": "IND",
      "type": "GA60",
      "camera_type": "GA",
      "speed_limit": "60",
      "direction": "115",
      "status": "A",
      "rotatable": true,
      "gps_status": "+"
    },
    {
      "id": 218996,
      "latitude": 19.007515,
      "longitude": 73.01712,
      "city": "Navi Mumbai",
      "state": "Tamil Nadu",
      "street": "Palm Beach Marg",
      "postal_code": "400706",
      "country": "IND",
      "type": "GA60",
      "camera_type": "GA",
      "speed_limit": "60",
      "direction": "120",
      "status": "A",
      "rotatable": true,
      "gps_status": "+"
    },
    {
      "id": 218999,
      "latitude": 19.010303,
      "longitude": 73.011398,
      "city": "Navi Mumbai",
      "state": "Tamil Nadu",
      "street": "Palm Beach Marg",
      "postal_code": "400706",
      "country": "IND",
      "type": "GA60",
      "camera_type": "GA",
      "speed_limit": "60",
      "direction": "25",
      "status": "A",
      "rotatable": true,
      "gps_status": "+"
    },
    {
      "id": 219001,
      "latitude": 19.010664,
      "longitude": 73.011398,
      "city": "Navi Mumbai",
      "state": "Tamil Nadu",
      "street": "Palm Beach Marg",
      "postal_code": "400706",
      "country": "IND",
      "type": "A",
      "camera_type": "A",
      "speed_limit": "/",
      "direction": "235",
      "status": "A",
      "rotatable": true,
      "gps_status": "+"
    },
    {
      "id": 219000,
      "latitude": 19.010847,
      "longitude": 73.01091,
      "city": "Navi Mumbai",
      "state": "Tamil Nadu",
      "street": "Palm Beach Marg",
      "postal_code": "400706",
      "country": "IND",
      "type": "GA60",
      "camera_type": "GA",
      "speed_limit": "60",
      "direction": "235",
      "status": "A",
      "rotatable": true,
      "gps_status": "+"
    },
    {
      "id": 219542,
      "latitude": 19.012966,
      "longitude": 73.116547,
      "city": "Panvel",
      "state": "Tamil Nadu",
      "street": "Mumbai - Pune Expressway",
      "postal_code": "410206",
      "country": "IND",
      "type": "G80",
      "camera_type": "G",
      "speed_limit": "80",
      "direction": "120",
      "status": "A",
      "rotatable": true,
      "gps_status": "+"
    },
    {
      "id": 219929,
      "latitude": 19.033642,
      "longitude": 72.838776,
      "city": "Mumbai",
      "state": "Tamil Nadu",
      "street": "Lt Prakash Kotnis Path",
      "postal_code": "400016",
      "country": "IND",
      "type": "A",
      "camera_type": "A",
      "speed_limit": "/",
      "direction": "165",
      "status": "A",
      "rotatable": true,
      "gps_status": "+"
    },
    {
      "id": 219822,
      "latitude": 19.035435,
      "longitude": 72.842407,
      "city": "Mumbai",
      "state": "Tamil Nadu",
      "street": "Sitaladevi Temple Road",
      "postal_code": "400016",
      "country": "IND",
      "type": "A",
      "camera_type": "A",
      "speed_limit": "/",
      "direction": "10",
      "status": "A",
      "rotatable": true,
      "gps_status": "+"
    },
    {
      "id": 219012,
      "latitude": 19.027176,
      "longitude": 72.884392,
      "city": "Mumbai",
      "state": "Tamil Nadu",
      "street": "Eastern Freeway",
      "postal_code": "400074",
      "country": "IND",
      "type": "G80",
      "camera_type": "G",
      "speed_limit": "80",
      "direction": "265",
      "status": "A",
      "rotatable": true,
      "gps_status": "+"
    },
    {
      "id": 219920,
      "latitude": 19.03385,
      "longitude": 72.903465,
      "city": "Mumbai",
      "state": "Tamil Nadu",
      "street": "Eastern Freeway",
      "postal_code": "400074",
      "country": "IND",
      "type": "G80",
      "camera_type": "G",
      "speed_limit": "80",
      "direction": "210",
      "status": "A",
      "rotatable": true,
      "gps_status": "+"
    },
    {
      "id": 219919,
      "latitude": 19.033987,
      "longitude": 72.903366,
      "city": "Mumbai",
      "state": "Tamil Nadu",
      "street": "Eastern Freeway",
      "postal_code": "400074",
      "country": "IND",
      "type": "G80",
      "camera_type": "G",
      "speed_limit": "80",
      "direction": "275",
      "status": "A",
      "rotatable": true,
      "gps_status": "+"
    },
    {
      "id": 219536,
      "latitude": 19.021021,
      "longitude": 73.008202,
      "city": "Navi Mumbai",
      "state": "Tamil Nadu",
      "street": "Palm Beach Marg",
      "postal_code": "400706",
      "country": "IND",
      "type": "GA60",
      "camera_type": "GA",
      "speed_limit": "60",
      "direction": "75",
      "status": "A",
      "rotatable": true,
      "gps_status": "+"
    },
    {
      "id": 219537,
      "latitude": 19.021465,
      "longitude": 73.008377,
      "city": "Navi Mumbai",
      "state": "Tamil Nadu",
      "street": "Palm Beach Marg",
      "postal_code": "400706",
      "country": "IND",
      "type": "GA60",
      "camera_type": "GA",
      "speed_limit": "60",
      "direction": "65",
      "status": "A",
      "rotatable": true,
      "gps_status": "+"
    },
    {
      "id": 220039,
      "latitude": 19.047956,
      "longitude": 72.831047,
      "city": "Mumbai",
      "state": "Tamil Nadu",
      "street": "Western Freeway",
      "postal_code": "400050",
      "country": "IND",
      "type": "G60",
      "camera_type": "G",
      "speed_limit": "60",
      "direction": "305",
      "status": "A",
      "rotatable": true,
      "gps_status": "+"
    },
    {
      "id": 220038,
      "latitude": 19.0481,
      "longitude": 72.830956,
      "city": "Mumbai",
      "state": "Tamil Nadu",
      "street": "Western Freeway",
      "postal_code": "400050",
      "country": "IND",
      "type": "G60",
      "camera_type": "G",
      "speed_limit": "60",
      "direction": "230",
      "status": "A",
      "rotatable": true,
      "gps_status": "+"
    },
    {
      "id": 220035,
      "latitude": 19.054054,
      "longitude": 72.837929,
      "city": "Mumbai",
      "state": "Tamil Nadu",
      "street": "Swami Vivekanand Road",
      "postal_code": "400050",
      "country": "IND",
      "type": "A",
      "camera_type": "A",
      "speed_limit": "/",
      "direction": "275",
      "status": "A",
      "rotatable": true,
      "gps_status": "+"
    },
    {
      "id": 220022,
      "latitude": 19.059565,
      "longitude": 72.837059,
      "city": "Mumbai",
      "state": "Tamil Nadu",
      "street": "Swami Vivekanand Road",
      "postal_code": "400050",
      "country": "IND",
      "type": "A",
      "camera_type": "A",
      "speed_limit": "/",
      "direction": "45",
      "status": "A",
      "rotatable": true,
      "gps_status": "+"
    },
    {
      "id": 220021,
      "latitude": 19.059639,
      "longitude": 72.837021,
      "city": "Mumbai",
      "state": "Tamil Nadu",
      "street": "Swami Vivekanand Road",
      "postal_code": "400050",
      "country": "IND",
      "type": "A",
      "camera_type": "A",
      "speed_limit": "/",
      "direction": "200",
      "status": "A",
      "rotatable": true,
      "gps_status": "+"
    },
    {
      "id": 219494,
      "latitude": 19.056282,
      "longitude": 72.930267,
      "city": "Mumbai",
      "state": "Tamil Nadu",
      "street": "Ghatkopar - Mankhurd Link Road",
      "postal_code": "400043",
      "country": "IND",
      "type": "G50",
      "camera_type": "G",
      "speed_limit": "50",
      "direction": "275",
      "status": "A",
      "rotatable": true,
      "gps_status": "+"
    },
    {
      "id": 219170,
      "latitude": 19.058735,
      "longitude": 72.95816,
      "city": "Mumbai",
      "state": "Tamil Nadu",
      "street": "Sion Panvel Highway",
      "postal_code": "400034",
      "country": "IND",
      "type": "G50",
      "camera_type": "G",
      "speed_limit": "50",
      "direction": "55",
      "status": "A",
      "rotatable": true,
      "gps_status": "+"
    },
    {
      "id": 219297,
      "latitude": 19.043753,
      "longitude": 73.008087,
      "city": "Navi Mumbai",
      "state": "Tamil Nadu",
      "street": "Palm Beach Marg",
      "postal_code": "400706",
      "country": "IND",
      "type": "GA60",
      "camera_type": "GA",
      "speed_limit": "60",
      "direction": "255",
      "status": "A",
      "rotatable": true,
      "gps_status": "+"
    },
    {
      "id": 219298,
      "latitude": 19.043932,
      "longitude": 73.008743,
      "city": "Navi Mumbai",
      "state": "Tamil Nadu",
      "street": "Palm Beach Marg",
      "postal_code": "400706",
      "country": "IND",
      "type": "GA60",
      "camera_type": "GA",
      "speed_limit": "60",
      "direction": "95",
      "status": "A",
      "rotatable": true,
      "gps_status": "+"
    },
    {
      "id": 219296,
      "latitude": 19.044577,
      "longitude": 73.008339,
      "city": "Navi Mumbai",
      "state": "Tamil Nadu",
      "street": "Palm Beach Marg",
      "postal_code": "400706",
      "country": "IND",
      "type": "GA60",
      "camera_type": "GA",
      "speed_limit": "60",
      "direction": "115",
      "status": "A",
      "rotatable": true,
      "gps_status": "+"
    },
    {
      "id": 219294,
      "latitude": 19.058859,
      "longitude": 73.001244,
      "city": "Navi Mumbai",
      "state": "Tamil Nadu",
      "street": "Palm Beach Marg",
      "postal_code": "400705",
      "country": "IND",
      "type": "G30",
      "camera_type": "G",
      "speed_limit": "30",
      "direction": "85",
      "status": "A",
      "rotatable": true,
      "gps_status": "+"
    },
    {
      "id": 219295,
      "latitude": 19.059223,
      "longitude": 73.002167,
      "city": "Navi Mumbai",
      "state": "Tamil Nadu",
      "street": "Palm Beach Marg",
      "postal_code": "400705",
      "country": "IND",
      "type": "G30",
      "camera_type": "G",
      "speed_limit": "30",
      "direction": "355",
      "status": "A",
      "rotatable": true,
      "gps_status": "+"
    },
    {
      "id": 219293,
      "latitude": 19.059589,
      "longitude": 73.001457,
      "city": "Navi Mumbai",
      "state": "Tamil Nadu",
      "street": "Palm Beach Marg",
      "postal_code": "400705",
      "country": "IND",
      "type": "G30",
      "camera_type": "G",
      "speed_limit": "30",
      "direction": "270",
      "status": "A",
      "rotatable": true,
      "gps_status": "+"
    },
    {
      "id": 220036,
      "latitude": 19.068899,
      "longitude": 72.846603,
      "city": "Mumbai",
      "state": "Tamil Nadu",
      "street": "Western Express Highway",
      "postal_code": "400055",
      "country": "IND",
      "type": "G60",
      "camera_type": "G",
      "speed_limit": "60",
      "direction": "165",
      "status": "A",
      "rotatable": true,
      "gps_status": "+"
    },
    {
      "id": 220037,
      "latitude": 19.068903,
      "longitude": 72.846741,
      "city": "Mumbai",
      "state": "Tamil Nadu",
      "street": "Western Express Highway",
      "postal_code": "400055",
      "country": "IND",
      "type": "G60",
      "camera_type": "G",
      "speed_limit": "60",
      "direction": "30",
      "status": "A",
      "rotatable": true,
      "gps_status": "+"
    },
    {
      "id": 219493,
      "latitude": 19.063229,
      "longitude": 72.91449,
      "city": "Mumbai",
      "state": "Tamil Nadu",
      "street": "Ghatkopar - Mankhurd Link Road",
      "postal_code": "400044",
      "country": "IND",
      "type": "A",
      "camera_type": "A",
      "speed_limit": "/",
      "direction": "45",
      "status": "A",
      "rotatable": true,
      "gps_status": "+"
    },
    {
      "id": 219306,
      "latitude": 19.076916,
      "longitude": 72.903702,
      "city": "Mumbai",
      "state": "Tamil Nadu",
      "street": "Road Number 7",
      "postal_code": "400077",
      "country": "IND",
      "type": "A",
      "camera_type": "A",
      "speed_limit": "/",
      "direction": "25",
      "status": "A",
      "rotatable": true,
      "gps_status": "+"
    },
    {
      "id": 219307,
      "latitude": 19.077183,
      "longitude": 72.903854,
      "city": "Mumbai",
      "state": "Tamil Nadu",
      "street": "Road Number 7",
      "postal_code": "400077",
      "country": "IND",
      "type": "A",
      "camera_type": "A",
      "speed_limit": "/",
      "direction": "200",
      "status": "A",
      "rotatable": true,
      "gps_status": "+"
    },
    {
      "id": 219305,
      "latitude": 19.079334,
      "longitude": 72.907921,
      "city": "Mumbai",
      "state": "Tamil Nadu",
      "street": "Vallabh Baug Lane",
      "postal_code": "400077",
      "country": "IND",
      "type": "A",
      "camera_type": "A",
      "speed_limit": "/",
      "direction": "320",
      "status": "A",
      "rotatable": true,
      "gps_status": "+"
    },
    {
      "id": 219837,
      "latitude": 19.099916,
      "longitude": 72.928894,
      "city": "Mumbai",
      "state": "Tamil Nadu",
      "street": "Eastern Express Highway",
      "postal_code": "400012",
      "country": "IND",
      "type": "G60",
      "camera_type": "G",
      "speed_limit": "60",
      "direction": "335",
      "status": "A",
      "rotatable": true,
      "gps_status": "+"
    },
    {
      "id": 219632,
      "latitude": 19.091394,
      "longitude": 73.011688,
      "city": "Navi Mumbai",
      "state": "Tamil Nadu",
      "street": "Palm Beach Marg",
      "postal_code": "400703",
      "country": "IND",
      "type": "G50",
      "camera_type": "G",
      "speed_limit": "50",
      "direction": "150",
      "status": "A",
      "rotatable": true,
      "gps_status": "+"
    },
    {
      "id": 219631,
      "latitude": 19.091415,
      "longitude": 73.012314,
      "city": "Navi Mumbai",
      "state": "Tamil Nadu",
      "street": "Palm Beach Marg",
      "postal_code": "400703",
      "country": "IND",
      "type": "G50",
      "camera_type": "G",
      "speed_limit": "50",
      "direction": "185",
      "status": "A",
      "rotatable": true,
      "gps_status": "+"
    },
    {
      "id": 219633,
      "latitude": 19.091736,
      "longitude": 73.011993,
      "city": "Navi Mumbai",
      "state": "Tamil Nadu",
      "street": "Palm Beach Marg",
      "postal_code": "400703",
      "country": "IND",
      "type": "G50",
      "camera_type": "G",
      "speed_limit": "50",
      "direction": "210",
      "status": "A",
      "rotatable": true,
      "gps_status": "+"
    },
    {
      "id": 219836,
      "latitude": 19.100039,
      "longitude": 72.928566,
      "city": "Mumbai",
      "state": "Tamil Nadu",
      "street": "Eastern Express Highway",
      "postal_code": "400012",
      "country": "IND",
      "type": "G60",
      "camera_type": "G",
      "speed_limit": "60",
      "direction": "250",
      "status": "A",
      "rotatable": true,
      "gps_status": "+"
    },
    {
      "id": 219308,
      "latitude": 19.115175,
      "longitude": 73.034302,
      "city": "Navi Mumbai",
      "state": "Tamil Nadu",
      "street": "Shil Phata Mahape Road",
      "postal_code": "400710",
      "country": "IND",
      "type": "G40",
      "camera_type": "G",
      "speed_limit": "40",
      "direction": "60",
      "status": "A",
      "rotatable": true,
      "gps_status": "+"
    },
    {
      "id": 219140,
      "latitude": 19.124813,
      "longitude": 72.915573,
      "city": "Mumbai",
      "state": "Tamil Nadu",
      "street": "Jogeshwari-Vikhroli Link Road",
      "postal_code": "400076",
      "country": "IND",
      "type": "G40",
      "camera_type": "G",
      "speed_limit": "40",
      "direction": "265",
      "status": "A",
      "rotatable": true,
      "gps_status": "+"
    },
    {
      "id": 219141,
      "latitude": 19.124966,
      "longitude": 72.916252,
      "city": "Mumbai",
      "state": "Tamil Nadu",
      "street": "Jogeshwari-Vikhroli Link Road",
      "postal_code": "400076",
      "country": "IND",
      "type": "A",
      "camera_type": "A",
      "speed_limit": "/",
      "direction": "25",
      "status": "A",
      "rotatable": true,
      "gps_status": "+"
    },
    {
      "id": 219142,
      "latitude": 19.125715,
      "longitude": 72.91732,
      "city": "Mumbai",
      "state": "Tamil Nadu",
      "street": "Jogeshwari-Vikhroli Link Road",
      "postal_code": "400076",
      "country": "IND",
      "type": "G40",
      "camera_type": "G",
      "speed_limit": "40",
      "direction": "220",
      "status": "A",
      "rotatable": true,
      "gps_status": "+"
    },
    {
      "id": 219139,
      "latitude": 19.125006,
      "longitude": 72.927124,
      "city": "Mumbai",
      "state": "Tamil Nadu",
      "street": "Jogeshwari-Vikroli Link Road",
      "postal_code": "400083",
      "country": "IND",
      "type": "G40",
      "camera_type": "G",
      "speed_limit": "40",
      "direction": "270",
      "status": "A",
      "rotatable": true,
      "gps_status": "+"
    },
    {
      "id": 219846,
      "latitude": 19.129663,
      "longitude": 72.941521,
      "city": "Mumbai",
      "state": "Tamil Nadu",
      "street": "Eastern Express Highway",
      "postal_code": "400042",
      "country": "IND",
      "type": "G70",
      "camera_type": "G",
      "speed_limit": "70",
      "direction": "210",
      "status": "A",
      "rotatable": true,
      "gps_status": "+"
    },
    {
      "id": 219847,
      "latitude": 19.129721,
      "longitude": 72.941422,
      "city": "Mumbai",
      "state": "Tamil Nadu",
      "street": "Eastern Express Highway",
      "postal_code": "400042",
      "country": "IND",
      "type": "G70",
      "camera_type": "G",
      "speed_limit": "70",
      "direction": "315",
      "status": "A",
      "rotatable": true,
      "gps_status": "+"
    },
    {
      "id": 219236,
      "latitude": 19.168392,
      "longitude": 72.96637,
      "city": "Mumbai",
      "state": "Tamil Nadu",
      "street": "Eastern Express Highway",
      "postal_code": "400081",
      "country": "IND",
      "type": "G40",
      "camera_type": "G",
      "speed_limit": "40",
      "direction": "295",
      "status": "A",
      "rotatable": true,
      "gps_status": "+"
    },
    {
      "id": 219235,
      "latitude": 19.168425,
      "longitude": 72.966248,
      "city": "Mumbai",
      "state": "Tamil Nadu",
      "street": "Eastern Express Highway",
      "postal_code": "400081",
      "country": "IND",
      "type": "G40",
      "camera_type": "G",
      "speed_limit": "40",
      "direction": "70",
      "status": "A",
      "rotatable": true,
      "gps_status": "+"
    },
    {
      "id": 219158,
      "latitude": 19.173107,
      "longitude": 72.962112,
      "city": "Mumbai",
      "state": "Tamil Nadu",
      "street": "V B Phadke Marg",
      "postal_code": "400081",
      "country": "IND",
      "type": "A",
      "camera_type": "A",
      "speed_limit": "/",
      "direction": "310",
      "status": "A",
      "rotatable": true,
      "gps_status": "+"
    },
    {
      "id": 219160,
      "latitude": 19.173113,
      "longitude": 72.961906,
      "city": "Mumbai",
      "state": "Tamil Nadu",
      "street": "V B Phadke Marg",
      "postal_code": "400081",
      "country": "IND",
      "type": "A",
      "camera_type": "A",
      "speed_limit": "/",
      "direction": "320",
      "status": "A",
      "rotatable": true,
      "gps_status": "+"
    },
    {
      "id": 219159,
      "latitude": 19.173168,
      "longitude": 72.962135,
      "city": "Mumbai",
      "state": "Tamil Nadu",
      "street": "V B Phadke Marg",
      "postal_code": "400081",
      "country": "IND",
      "type": "A",
      "camera_type": "A",
      "speed_limit": "/",
      "direction": "260",
      "status": "A",
      "rotatable": true,
      "gps_status": "+"
    },
    {
      "id": 219157,
      "latitude": 19.173222,
      "longitude": 72.961929,
      "city": "Mumbai",
      "state": "Tamil Nadu",
      "street": "V B Phadke Marg",
      "postal_code": "400081",
      "country": "IND",
      "type": "A",
      "camera_type": "A",
      "speed_limit": "/",
      "direction": "90",
      "status": "A",
      "rotatable": true,
      "gps_status": "+"
    },
    {
      "id": 219777,
      "latitude": 19.187517,
      "longitude": 73.092308,
      "city": "Kalyan-Dombivli",
      "state": "Tamil Nadu",
      "street": "Kalyan - Shil Road",
      "postal_code": "421306",
      "country": "IND",
      "type": "A",
      "camera_type": "A",
      "speed_limit": "/",
      "direction": "295",
      "status": "A",
      "rotatable": true,
      "gps_status": "+"
    },
    {
      "id": 219778,
      "latitude": 19.187759,
      "longitude": 73.092636,
      "city": "Kalyan-Dombivli",
      "state": "Tamil Nadu",
      "street": "Kalyan - Shil Road",
      "postal_code": "421306",
      "country": "IND",
      "type": "A",
      "camera_type": "A",
      "speed_limit": "/",
      "direction": "140",
      "status": "A",
      "rotatable": true,
      "gps_status": "+"
    },
    {
      "id": 219780,
      "latitude": 19.18784,
      "longitude": 73.092438,
      "city": "Kalyan-Dombivli",
      "state": "Tamil Nadu",
      "street": "Kalyan - Shil Road",
      "postal_code": "421306",
      "country": "IND",
      "type": "A",
      "camera_type": "A",
      "speed_limit": "/",
      "direction": "120",
      "status": "A",
      "rotatable": true,
      "gps_status": "+"
    },
    {
      "id": 219435,
      "latitude": 19.214268,
      "longitude": 73.091003,
      "city": "Dombivali",
      "state": "Tamil Nadu",
      "street": "Dr. Rajedraprasad Road",
      "postal_code": "421201",
      "country": "IND",
      "type": "A",
      "camera_type": "A",
      "speed_limit": "/",
      "direction": "100",
      "status": "A",
      "rotatable": true,
      "gps_status": "+"
    },
    {
      "id": 219437,
      "latitude": 19.214275,
      "longitude": 73.091064,
      "city": "Dombivali",
      "state": "Tamil Nadu",
      "street": "Dr. Rajedraprasad Road",
      "postal_code": "421201",
      "country": "IND",
      "type": "A",
      "camera_type": "A",
      "speed_limit": "/",
      "direction": "20",
      "status": "A",
      "rotatable": true,
      "gps_status": "+"
    },
    {
      "id": 219436,
      "latitude": 19.214348,
      "longitude": 73.091164,
      "city": "Dombivali",
      "state": "Tamil Nadu",
      "street": "Dr. Rajedraprasad Road",
      "postal_code": "421201",
      "country": "IND",
      "type": "A",
      "camera_type": "A",
      "speed_limit": "/",
      "direction": "65",
      "status": "A",
      "rotatable": true,
      "gps_status": "+"
    },
    {
      "id": 219438,
      "latitude": 19.214354,
      "longitude": 73.091103,
      "city": "Dombivali",
      "state": "Tamil Nadu",
      "street": "Dr. Rajedraprasad Road",
      "postal_code": "421201",
      "country": "IND",
      "type": "A",
      "camera_type": "A",
      "speed_limit": "/",
      "direction": "330",
      "status": "A",
      "rotatable": true,
      "gps_status": "+"
    },
    {
      "id": 218936,
      "latitude": 19.217077,
      "longitude": 73.084213,
      "city": "Dombivali",
      "state": "Tamil Nadu",
      "street": "Kopar Road",
      "postal_code": "421201",
      "country": "IND",
      "type": "G30",
      "camera_type": "G",
      "speed_limit": "30",
      "direction": "190",
      "status": "A",
      "rotatable": true,
      "gps_status": "+"
    },
    {
      "id": 218937,
      "latitude": 19.217079,
      "longitude": 73.084099,
      "city": "Dombivali",
      "state": "Tamil Nadu",
      "street": "Kopar Road",
      "postal_code": "421201",
      "country": "IND",
      "type": "G30",
      "camera_type": "G",
      "speed_limit": "30",
      "direction": "285",
      "status": "A",
      "rotatable": true,
      "gps_status": "+"
    },
    {
      "id": 218935,
      "latitude": 19.217201,
      "longitude": 73.08429,
      "city": "Dombivali",
      "state": "Tamil Nadu",
      "street": "Kopar Road",
      "postal_code": "421201",
      "country": "IND",
      "type": "G30",
      "camera_type": "G",
      "speed_limit": "30",
      "direction": "55",
      "status": "A",
      "rotatable": true,
      "gps_status": "+"
    },
    {
      "id": 219767,
      "latitude": 19.208637,
      "longitude": 73.110909,
      "city": "Kalyan-Dombivli",
      "state": "Tamil Nadu",
      "street": "Kalyan - Shil Road",
      "postal_code": "421306",
      "country": "IND",
      "type": "A",
      "camera_type": "A",
      "speed_limit": "/",
      "direction": "10",
      "status": "A",
      "rotatable": true,
      "gps_status": "+"
    },
    {
      "id": 219766,
      "latitude": 19.208668,
      "longitude": 73.110779,
      "city": "Kalyan-Dombivli",
      "state": "Tamil Nadu",
      "street": "Kalyan - Shil Road",
      "postal_code": "421306",
      "country": "IND",
      "type": "A",
      "camera_type": "A",
      "speed_limit": "/",
      "direction": "255",
      "status": "A",
      "rotatable": true,
      "gps_status": "+"
    },
    {
      "id": 219768,
      "latitude": 19.208952,
      "longitude": 73.110741,
      "city": "Kalyan-Dombivli",
      "state": "Tamil Nadu",
      "street": "Kalyan - Shil Road",
      "postal_code": "421306",
      "country": "IND",
      "type": "A",
      "camera_type": "A",
      "speed_limit": "/",
      "direction": "315",
      "status": "A",
      "rotatable": true,
      "gps_status": "+"
    },
    {
      "id": 219765,
      "latitude": 19.208979,
      "longitude": 73.110909,
      "city": "Kalyan-Dombivli",
      "state": "Tamil Nadu",
      "street": "Kalyan - Shil Road",
      "postal_code": "421306",
      "country": "IND",
      "type": "A",
      "camera_type": "A",
      "speed_limit": "/",
      "direction": "215",
      "status": "A",
      "rotatable": true,
      "gps_status": "+"
    },
    {
      "id": 219439,
      "latitude": 19.214581,
      "longitude": 73.102104,
      "city": "Dombivali",
      "state": "Tamil Nadu",
      "street": "Kalyan Road",
      "postal_code": "421201",
      "country": "IND",
      "type": "A",
      "camera_type": "A",
      "speed_limit": "/",
      "direction": "5",
      "status": "A",
      "rotatable": true,
      "gps_status": "+"
    },
    {
      "id": 219440,
      "latitude": 19.214735,
      "longitude": 73.102448,
      "city": "Dombivali",
      "state": "Tamil Nadu",
      "street": "Kalyan Road",
      "postal_code": "421201",
      "country": "IND",
      "type": "A",
      "camera_type": "A",
      "speed_limit": "/",
      "direction": "5",
      "status": "A",
      "rotatable": true,
      "gps_status": "+"
    },
    {
      "id": 219441,
      "latitude": 19.218248,
      "longitude": 73.103539,
      "city": "Kalyan-Dombivli",
      "state": "Tamil Nadu",
      "street": "New Kalyan Road",
      "postal_code": "421201",
      "country": "IND",
      "type": "G40",
      "camera_type": "G",
      "speed_limit": "40",
      "direction": "275",
      "status": "A",
      "rotatable": true,
      "gps_status": "+"
    },
    {
      "id": 219798,
      "latitude": 19.223797,
      "longitude": 73.126762,
      "city": "Kalyan-Dombivli",
      "state": "Tamil Nadu",
      "street": "unknown",
      "postal_code": "421306",
      "country": "IND",
      "type": "A",
      "camera_type": "A",
      "speed_limit": "/",
      "direction": "100",
      "status": "A",
      "rotatable": true,
      "gps_status": "+"
    },
    {
      "id": 219796,
      "latitude": 19.223896,
      "longitude": 73.126465,
      "city": "Kalyan-Dombivli",
      "state": "Tamil Nadu",
      "street": "unknown",
      "postal_code": "421306",
      "country": "IND",
      "type": "A",
      "camera_type": "A",
      "speed_limit": "/",
      "direction": "300",
      "status": "A",
      "rotatable": true,
      "gps_status": "+"
    },
    {
      "id": 219797,
      "latitude": 19.224258,
      "longitude": 73.12706,
      "city": "Kalyan-Dombivli",
      "state": "Tamil Nadu",
      "street": "unknown",
      "postal_code": "421306",
      "country": "IND",
      "type": "A",
      "camera_type": "A",
      "speed_limit": "/",
      "direction": "310",
      "status": "A",
      "rotatable": true,
      "gps_status": "+"
    },
    {
      "id": 219799,
      "latitude": 19.224453,
      "longitude": 73.126724,
      "city": "Kalyan-Dombivli",
      "state": "Tamil Nadu",
      "street": "unknown",
      "postal_code": "421306",
      "country": "IND",
      "type": "A",
      "camera_type": "A",
      "speed_limit": "/",
      "direction": "210",
      "status": "A",
      "rotatable": true,
      "gps_status": "+"
    },
    {
      "id": 219786,
      "latitude": 19.227192,
      "longitude": 73.123749,
      "city": "Kalyan-Dombivli",
      "state": "Tamil Nadu",
      "street": "Kalyan-Shil Road",
      "postal_code": "421306",
      "country": "IND",
      "type": "A",
      "camera_type": "A",
      "speed_limit": "/",
      "direction": "330",
      "status": "A",
      "rotatable": true,
      "gps_status": "+"
    },
    {
      "id": 219785,
      "latitude": 19.227339,
      "longitude": 73.123932,
      "city": "Kalyan-Dombivli",
      "state": "Tamil Nadu",
      "street": "Kalyan-Shil Road",
      "postal_code": "421306",
      "country": "IND",
      "type": "A",
      "camera_type": "A",
      "speed_limit": "/",
      "direction": "110",
      "status": "A",
      "rotatable": true,
      "gps_status": "+"
    },
    {
      "id": 219784,
      "latitude": 19.227661,
      "longitude": 73.123581,
      "city": "Kalyan-Dombivli",
      "state": "Tamil Nadu",
      "street": "Kalyan-Shil Road",
      "postal_code": "421306",
      "country": "IND",
      "type": "A",
      "camera_type": "A",
      "speed_limit": "/",
      "direction": "210",
      "status": "A",
      "rotatable": true,
      "gps_status": "+"
    },
    {
      "id": 219781,
      "latitude": 19.23724,
      "longitude": 73.125328,
      "city": "Kalyan-Dombivli",
      "state": "Tamil Nadu",
      "street": "Agra Road",
      "postal_code": "421306",
      "country": "IND",
      "type": "A",
      "camera_type": "A",
      "speed_limit": "/",
      "direction": "255",
      "status": "A",
      "rotatable": true,
      "gps_status": "+"
    },
    {
      "id": 219782,
      "latitude": 19.237434,
      "longitude": 73.125298,
      "city": "Kalyan-Dombivli",
      "state": "Tamil Nadu",
      "street": "Agra Road",
      "postal_code": "421306",
      "country": "IND",
      "type": "A",
      "camera_type": "A",
      "speed_limit": "/",
      "direction": "290",
      "status": "A",
      "rotatable": true,
      "gps_status": "+"
    },
    {
      "id": 219783,
      "latitude": 19.237513,
      "longitude": 73.125725,
      "city": "Kalyan-Dombivli",
      "state": "Tamil Nadu",
      "street": "Agra Road",
      "postal_code": "421306",
      "country": "IND",
      "type": "A",
      "camera_type": "A",
      "speed_limit": "/",
      "direction": "215",
      "status": "A",
      "rotatable": true,
      "gps_status": "+"
    },
    {
      "id": 219787,
      "latitude": 19.239016,
      "longitude": 73.136513,
      "city": "Kalyan-Dombivli",
      "state": "Tamil Nadu",
      "street": "Kalyan-Murbad Road",
      "postal_code": "421306",
      "country": "IND",
      "type": "A",
      "camera_type": "A",
      "speed_limit": "/",
      "direction": "75",
      "status": "A",
      "rotatable": true,
      "gps_status": "+"
    },
    {
      "id": 219788,
      "latitude": 19.239025,
      "longitude": 73.136864,
      "city": "Kalyan-Dombivli",
      "state": "Tamil Nadu",
      "street": "Kalyan-Murbad Road",
      "postal_code": "421306",
      "country": "IND",
      "type": "A",
      "camera_type": "A",
      "speed_limit": "/",
      "direction": "255",
      "status": "A",
      "rotatable": true,
      "gps_status": "+"
    },
    {
      "id": 219789,
      "latitude": 19.239115,
      "longitude": 73.136719,
      "city": "Kalyan-Dombivli",
      "state": "Tamil Nadu",
      "street": "Kalyan-Murbad Road",
      "postal_code": "421306",
      "country": "IND",
      "type": "A",
      "camera_type": "A",
      "speed_limit": "/",
      "direction": "245",
      "status": "A",
      "rotatable": true,
      "gps_status": "+"
    },
    {
      "id": 219791,
      "latitude": 19.22703,
      "longitude": 73.140404,
      "city": "Kalyan-Dombivli",
      "state": "Tamil Nadu",
      "street": "unknown",
      "postal_code": "421306",
      "country": "IND",
      "type": "A",
      "camera_type": "A",
      "speed_limit": "/",
      "direction": "195",
      "status": "A",
      "rotatable": true,
      "gps_status": "+"
    },
    {
      "id": 219790,
      "latitude": 19.227285,
      "longitude": 73.140411,
      "city": "Kalyan-Dombivli",
      "state": "Tamil Nadu",
      "street": "unknown",
      "postal_code": "421306",
      "country": "IND",
      "type": "A",
      "camera_type": "A",
      "speed_limit": "/",
      "direction": "190",
      "status": "A",
      "rotatable": true,
      "gps_status": "+"
    },
    {
      "id": 219792,
      "latitude": 19.246223,
      "longitude": 73.123222,
      "city": "Kalyan-Dombivli",
      "state": "Tamil Nadu",
      "street": "Parnaka Road",
      "postal_code": "421308",
      "country": "IND",
      "type": "A",
      "camera_type": "A",
      "speed_limit": "/",
      "direction": "15",
      "status": "A",
      "rotatable": true,
      "gps_status": "+"
    },
    {
      "id": 219795,
      "latitude": 19.246405,
      "longitude": 73.123627,
      "city": "Kalyan-Dombivli",
      "state": "Tamil Nadu",
      "street": "Parnaka Road",
      "postal_code": "421308",
      "country": "IND",
      "type": "A",
      "camera_type": "A",
      "speed_limit": "/",
      "direction": "295",
      "status": "A",
      "rotatable": true,
      "gps_status": "+"
    },
    {
      "id": 219794,
      "latitude": 19.246569,
      "longitude": 73.123001,
      "city": "Kalyan-Dombivli",
      "state": "Tamil Nadu",
      "street": "Parnaka Road",
      "postal_code": "421308",
      "country": "IND",
      "type": "A",
      "camera_type": "A",
      "speed_limit": "/",
      "direction": "15",
      "status": "A",
      "rotatable": true,
      "gps_status": "+"
    },
    {
      "id": 219793,
      "latitude": 19.246693,
      "longitude": 73.123405,
      "city": "Kalyan-Dombivli",
      "state": "Tamil Nadu",
      "street": "Parnaka Road",
      "postal_code": "421308",
      "country": "IND",
      "type": "A",
      "camera_type": "A",
      "speed_limit": "/",
      "direction": "10",
      "status": "A",
      "rotatable": true,
      "gps_status": "+"
    },
    {
      "id": 219508,
      "latitude": 19.251942,
      "longitude": 73.125549,
      "city": "Kalyan-Dombivli",
      "state": "Tamil Nadu",
      "street": "Kalyan - Padgha Road",
      "postal_code": "421308",
      "country": "IND",
      "type": "A",
      "camera_type": "A",
      "speed_limit": "/",
      "direction": "250",
      "status": "A",
      "rotatable": true,
      "gps_status": "+"
    },
    {
      "id": 219509,
      "latitude": 19.252117,
      "longitude": 73.125931,
      "city": "Kalyan-Dombivli",
      "state": "Tamil Nadu",
      "street": "Kalyan - Padgha Road",
      "postal_code": "421308",
      "country": "IND",
      "type": "A",
      "camera_type": "A",
      "speed_limit": "/",
      "direction": "160",
      "status": "A",
      "rotatable": true,
      "gps_status": "+"
    },
    {
      "id": 219511,
      "latitude": 19.252186,
      "longitude": 73.125404,
      "city": "Kalyan-Dombivli",
      "state": "Tamil Nadu",
      "street": "Kalyan - Padgha Road",
      "postal_code": "421308",
      "country": "IND",
      "type": "A",
      "camera_type": "A",
      "speed_limit": "/",
      "direction": "45",
      "status": "A",
      "rotatable": true,
      "gps_status": "+"
    },
    {
      "id": 219510,
      "latitude": 19.252344,
      "longitude": 73.125916,
      "city": "Kalyan-Dombivli",
      "state": "Tamil Nadu",
      "street": "Kalyan - Padgha Road",
      "postal_code": "421308",
      "country": "IND",
      "type": "A",
      "camera_type": "A",
      "speed_limit": "/",
      "direction": "345",
      "status": "A",
      "rotatable": true,
      "gps_status": "+"
    },
    {
      "id": 219515,
      "latitude": 19.252901,
      "longitude": 73.13726,
      "city": "Kalyan-Dombivli",
      "state": "Tamil Nadu",
      "street": "unknown",
      "postal_code": "421306",
      "country": "IND",
      "type": "A",
      "camera_type": "A",
      "speed_limit": "/",
      "direction": "95",
      "status": "A",
      "rotatable": true,
      "gps_status": "+"
    },
    {
      "id": 219512,
      "latitude": 19.252972,
      "longitude": 73.136795,
      "city": "Kalyan-Dombivli",
      "state": "Tamil Nadu",
      "street": "unknown",
      "postal_code": "421306",
      "country": "IND",
      "type": "A",
      "camera_type": "A",
      "speed_limit": "/",
      "direction": "210",
      "status": "A",
      "rotatable": true,
      "gps_status": "+"
    },
    {
      "id": 219514,
      "latitude": 19.25321,
      "longitude": 73.137215,
      "city": "Kalyan-Dombivli",
      "state": "Tamil Nadu",
      "street": "unknown",
      "postal_code": "421306",
      "country": "IND",
      "type": "A",
      "camera_type": "A",
      "speed_limit": "/",
      "direction": "40",
      "status": "A",
      "rotatable": true,
      "gps_status": "+"
    },
    {
      "id": 219513,
      "latitude": 19.253227,
      "longitude": 73.136803,
      "city": "Kalyan-Dombivli",
      "state": "Tamil Nadu",
      "street": "unknown",
      "postal_code": "421306",
      "country": "IND",
      "type": "A",
      "camera_type": "A",
      "speed_limit": "/",
      "direction": "310",
      "status": "A",
      "rotatable": true,
      "gps_status": "+"
    },
    {
      "id": 219517,
      "latitude": 19.250265,
      "longitude": 73.141006,
      "city": "Kalyan-Dombivli",
      "state": "Tamil Nadu",
      "street": "Murbad Road",
      "postal_code": "421003",
      "country": "IND",
      "type": "A",
      "camera_type": "A",
      "speed_limit": "/",
      "direction": "230",
      "status": "A",
      "rotatable": true,
      "gps_status": "+"
    },
    {
      "id": 219518,
      "latitude": 19.250267,
      "longitude": 73.140846,
      "city": "Kalyan-Dombivli",
      "state": "Tamil Nadu",
      "street": "Murbad Road",
      "postal_code": "421003",
      "country": "IND",
      "type": "A",
      "camera_type": "A",
      "speed_limit": "/",
      "direction": "40",
      "status": "A",
      "rotatable": true,
      "gps_status": "+"
    },
    {
      "id": 219516,
      "latitude": 19.250528,
      "longitude": 73.140869,
      "city": "Kalyan-Dombivli",
      "state": "Tamil Nadu",
      "street": "Murbad Road",
      "postal_code": "421003",
      "country": "IND",
      "type": "A",
      "camera_type": "A",
      "speed_limit": "/",
      "direction": "270",
      "status": "A",
      "rotatable": true,
      "gps_status": "+"
    },
    {
      "id": 221777,
      "latitude": 19.946049,
      "longitude": 74.999374,
      "city": "Gangapur",
      "state": "Tamil Nadu",
      "street": "Hindu Hrudaysamrat Balasaheb Thackeray Maharashtra Samruddhi Mahamarg",
      "postal_code": "",
      "country": "IND",
      "type": "G120",
      "camera_type": "G",
      "speed_limit": "120",
      "direction": "90",
      "status": "A",
      "rotatable": true,
      "gps_status": "+"
    },
    {
      "id": 221776,
      "latitude": 19.945787,
      "longitude": 75.000992,
      "city": "Gangapur",
      "state": "Tamil Nadu",
      "street": "Hindu Hrudaysamrat Balasaheb Thackeray Maharashtra Samruddhi Mahamarg",
      "postal_code": "",
      "country": "IND",
      "type": "G120",
      "camera_type": "G",
      "speed_limit": "120",
      "direction": "190",
      "status": "A",
      "rotatable": true,
      "gps_status": "+"
    }
  ]
}